{"path":"F:\\2\\001564.png","outputs":{"object":[{"name":"electrombile","bndbox":{"xmin":272,"ymin":383,"xmax":482,"ymax":546}},{"name":"electrombile","bndbox":{"xmin":464,"ymin":398,"xmax":640,"ymax":526}},{"name":"electrombile","bndbox":{"xmin":780,"ymin":332,"xmax":852,"ymax":423}},{"name":"electrombile","bndbox":{"xmin":880,"ymin":346,"xmax":960,"ymax":456}},{"name":"electrombile","bndbox":{"xmin":724,"ymin":335,"xmax":774,"ymax":390}},{"name":"electrombile","bndbox":{"xmin":69,"ymin":368,"xmax":220,"ymax":490}},{"name":"helmet","bndbox":{"xmin":121,"ymin":302,"xmax":162,"ymax":343}},{"name":"helmet","bndbox":{"xmin":902,"ymin":290,"xmax":925,"ymax":326}},{"name":"helmet","bndbox":{"xmin":800,"ymin":282,"xmax":844,"ymax":318}},{"name":"helmet","bndbox":{"xmin":684,"ymin":294,"xmax":709,"ymax":334}},{"name":"helmet","bndbox":{"xmin":510,"ymin":306,"xmax":548,"ymax":350}},{"name":"helmet","bndbox":{"xmin":357,"ymin":308,"xmax":416,"ymax":354}},{"name":"helmet","bndbox":{"xmin":282,"ymin":299,"xmax":306,"ymax":316}},{"name":"helmet","bndbox":{"xmin":308,"ymin":286,"xmax":326,"ymax":316}},{"name":"helmet","bndbox":{"xmin":728,"ymin":292,"xmax":754,"ymax":322}},{"name":"helmet","bndbox":{"xmin":868,"ymin":292,"xmax":886,"ymax":328}}]},"time_labeled":1563128723266,"labeled":true,"size":{"width":960,"height":544,"depth":3}}