{"path":"F:\\2\\001517.png","outputs":{"object":[{"name":"electrombile","bndbox":{"xmin":325,"ymin":206,"xmax":484,"ymax":352}},{"name":"helmet","bndbox":{"xmin":520,"ymin":167,"xmax":572,"ymax":219}},{"name":"helmet","bndbox":{"xmin":668,"ymin":166,"xmax":736,"ymax":214}},{"name":"helmetr","bndbox":{"xmin":756,"ymin":155,"xmax":808,"ymax":202}},{"name":"helmet","bndbox":{"xmin":800,"ymin":142,"xmax":840,"ymax":180}},{"name":"helmet","bndbox":{"xmin":846,"ymin":134,"xmax":881,"ymax":168}},{"name":"helmet","bndbox":{"xmin":864,"ymin":156,"xmax":914,"ymax":198}},{"name":"helmetr","bndbox":{"xmin":568,"ymin":262,"xmax":896,"ymax":431}}]},"time_labeled":1563126395645,"labeled":true,"size":{"width":960,"height":544,"depth":3}}