{"path":"F:\\2\\001582.png","outputs":{"object":[{"name":"entirey","bndbox":{"xmin":622,"ymin":219,"xmax":716,"ymax":360}},{"name":"entirey","bndbox":{"xmin":724,"ymin":222,"xmax":796,"ymax":346}},{"name":"entirey","bndbox":{"xmin":772,"ymin":214,"xmax":841,"ymax":336}},{"name":"helmet","bndbox":{"xmin":660,"ymin":226,"xmax":692,"ymax":258}},{"name":"helmet","bndbox":{"xmin":789,"ymin":226,"xmax":812,"ymax":256}},{"name":"electrombile","bndbox":{"xmin":633,"ymin":258,"xmax":734,"ymax":330}},{"name":"electrombile","bndbox":{"xmin":716,"ymin":262,"xmax":788,"ymax":342}}]},"time_labeled":1563129371264,"labeled":true,"size":{"width":960,"height":544,"depth":3}}