{"path":"F:\\2\\001525.png","outputs":{"object":[{"name":"helmet","bndbox":{"xmin":220,"ymin":330,"xmax":264,"ymax":370}},{"name":"helmet","bndbox":{"xmin":393,"ymin":318,"xmax":440,"ymax":354}},{"name":"helmet","bndbox":{"xmin":504,"ymin":320,"xmax":548,"ymax":352}},{"name":"helmet","bndbox":{"xmin":541,"ymin":306,"xmax":578,"ymax":342}},{"name":"helmet","bndbox":{"xmin":706,"ymin":303,"xmax":753,"ymax":346}},{"name":"helmet","bndbox":{"xmin":652,"ymin":308,"xmax":701,"ymax":342}},{"name":"helmet","bndbox":{"xmin":768,"ymin":304,"xmax":816,"ymax":358}},{"name":"helmet","bndbox":{"xmin":848,"ymin":307,"xmax":892,"ymax":347}},{"name":"helmet","bndbox":{"xmin":97,"ymin":314,"xmax":146,"ymax":346}},{"name":"helmet","bndbox":{"xmin":612,"ymin":283,"xmax":646,"ymax":318}},{"name":"electrombile","bndbox":{"xmin":136,"ymin":371,"xmax":380,"ymax":528}},{"name":"electrombile","bndbox":{"xmin":436,"ymin":380,"xmax":680,"ymax":522}},{"name":"electrombile","bndbox":{"xmin":688,"ymin":384,"xmax":906,"ymax":491}}]},"time_labeled":1563127122794,"labeled":true,"size":{"width":960,"height":544,"depth":3}}