{"path":"F:\\2\\001520.png","outputs":{"object":[{"name":"electrombile","bndbox":{"xmin":68,"ymin":270,"xmax":130,"ymax":324}},{"name":"helmet","bndbox":{"xmin":146,"ymin":258,"xmax":200,"ymax":302}},{"name":"helmet","bndbox":{"xmin":410,"ymin":268,"xmax":458,"ymax":304}},{"name":"helmet","bndbox":{"xmin":356,"ymin":263,"xmax":394,"ymax":310}},{"name":"helmet","bndbox":{"xmin":545,"ymin":270,"xmax":598,"ymax":314}},{"name":"helmet","bndbox":{"xmin":612,"ymin":254,"xmax":657,"ymax":300}},{"name":"helmet","bndbox":{"xmin":697,"ymin":227,"xmax":740,"ymax":270}},{"name":"helmet","bndbox":{"xmin":736,"ymin":262,"xmax":792,"ymax":296}},{"name":"helmet","bndbox":{"xmin":809,"ymin":247,"xmax":881,"ymax":310}},{"name":"helmet","bndbox":{"xmin":888,"ymin":246,"xmax":945,"ymax":320}},{"name":"helmet","bndbox":{"xmin":448,"ymin":354,"xmax":765,"ymax":522}},{"name":"electrombile","bndbox":{"xmin":116,"ymin":394,"xmax":421,"ymax":546}}]},"time_labeled":1563126734322,"labeled":true,"size":{"width":960,"height":544,"depth":3}}