{"path":"F:\\2\\001570.png","outputs":{"object":[{"name":"helmet","bndbox":{"xmin":100,"ymin":310,"xmax":124,"ymax":348}},{"name":"helmet","bndbox":{"xmin":168,"ymin":334,"xmax":228,"ymax":367}},{"name":"helmet","bndbox":{"xmin":285,"ymin":310,"xmax":318,"ymax":334}},{"name":"helmet","bndbox":{"xmin":488,"ymin":326,"xmax":522,"ymax":350}},{"name":"helmet","bndbox":{"xmin":570,"ymin":321,"xmax":644,"ymax":377}},{"name":"helmet","bndbox":{"xmin":868,"ymin":330,"xmax":904,"ymax":358}},{"name":"helmet","bndbox":{"xmin":914,"ymin":335,"xmax":960,"ymax":386}},{"name":"helmet","bndbox":{"xmin":672,"ymin":319,"xmax":689,"ymax":334}},{"name":"helmet","bndbox":{"xmin":740,"ymin":314,"xmax":765,"ymax":335}},{"name":"helmet","bndbox":{"xmin":777,"ymin":320,"xmax":796,"ymax":332}},{"name":"electrombile","bndbox":{"xmin":232,"ymin":362,"xmax":358,"ymax":467}},{"name":"electrombile","bndbox":{"xmin":705,"ymin":351,"xmax":760,"ymax":406}},{"name":"electrombile","bndbox":{"xmin":445,"ymin":382,"xmax":533,"ymax":496}},{"name":"electrombile","bndbox":{"xmin":377,"ymin":370,"xmax":464,"ymax":474}}]},"time_labeled":1563128993145,"labeled":true,"size":{"width":960,"height":544,"depth":3}}