{"path":"F:\\2\\001553.png","outputs":{"object":[{"name":"helmet","bndbox":{"xmin":194,"ymin":346,"xmax":368,"ymax":432}},{"name":"helmet","bndbox":{"xmin":144,"ymin":316,"xmax":160,"ymax":339}},{"name":"helmet","bndbox":{"xmin":406,"ymin":311,"xmax":422,"ymax":330}},{"name":"helmet","bndbox":{"xmin":917,"ymin":346,"xmax":965,"ymax":404}},{"name":"electrombile","bndbox":{"xmin":128,"ymin":347,"xmax":169,"ymax":390}},{"name":"electrombile","bndbox":{"xmin":436,"ymin":336,"xmax":468,"ymax":378}},{"name":"electrombile","bndbox":{"xmin":540,"ymin":335,"xmax":578,"ymax":378}},{"name":"electrombile","bndbox":{"xmin":660,"ymin":330,"xmax":716,"ymax":364}},{"name":"electrombile","bndbox":{"xmin":902,"ymin":319,"xmax":944,"ymax":356}},{"name":"electrombile","bndbox":{"xmin":352,"ymin":332,"xmax":386,"ymax":366}}]},"time_labeled":1563128280226,"labeled":true,"size":{"width":960,"height":544,"depth":3}}