{"path":"F:\\2\\001566.png","outputs":{"object":[{"name":"helmet","bndbox":{"xmin":214,"ymin":330,"xmax":286,"ymax":398}},{"name":"helmet","bndbox":{"xmin":45,"ymin":290,"xmax":73,"ymax":323}},{"name":"helmet","bndbox":{"xmin":816,"ymin":338,"xmax":864,"ymax":399}},{"name":"helmet","bndbox":{"xmin":904,"ymin":310,"xmax":936,"ymax":355}},{"name":"helmet","bndbox":{"xmin":508,"ymin":311,"xmax":536,"ymax":354}},{"name":"helmet","bndbox":{"xmin":156,"ymin":282,"xmax":184,"ymax":315}},{"name":"helmet","bndbox":{"xmin":176,"ymin":290,"xmax":216,"ymax":322}},{"name":"helmet","bndbox":{"xmin":64,"ymin":276,"xmax":96,"ymax":296}},{"name":"helmet","bndbox":{"xmin":709,"ymin":314,"xmax":744,"ymax":362}},{"name":"electrombile","bndbox":{"xmin":68,"ymin":400,"xmax":458,"ymax":544}},{"name":"electrombile","bndbox":{"xmin":684,"ymin":423,"xmax":961,"ymax":550}},{"name":"electrombile","bndbox":{"xmin":450,"ymin":378,"xmax":608,"ymax":507}},{"name":"electrombile","bndbox":{"xmin":356,"ymin":356,"xmax":440,"ymax":470}}]},"time_labeled":1563128798434,"labeled":true,"size":{"width":960,"height":544,"depth":3}}