{"path":"F:\\2\\001540.png","outputs":{"object":[{"name":"helmet","bndbox":{"xmin":540,"ymin":318,"xmax":568,"ymax":347}},{"name":"helmet","bndbox":{"xmin":594,"ymin":326,"xmax":624,"ymax":356}},{"name":"entirey","bndbox":{"xmin":312,"ymin":334,"xmax":349,"ymax":399}},{"name":"entirey","bndbox":{"xmin":148,"ymin":336,"xmax":194,"ymax":394}},{"name":"entirey","bndbox":{"xmin":424,"ymin":322,"xmax":472,"ymax":402}},{"name":"electrombile","bndbox":{"xmin":430,"ymin":362,"xmax":464,"ymax":403}},{"name":"electrombile","bndbox":{"xmin":84,"ymin":359,"xmax":122,"ymax":446}}]},"time_labeled":1563127768642,"labeled":true,"size":{"width":960,"height":544,"depth":3}}