{"path":"F:\\2\\001560.png","outputs":{"object":[{"name":"helmet","bndbox":{"xmin":744,"ymin":259,"xmax":796,"ymax":315}},{"name":"helmet","bndbox":{"xmin":590,"ymin":287,"xmax":636,"ymax":330}},{"name":"helmet","bndbox":{"xmin":93,"ymin":294,"xmax":156,"ymax":334}},{"name":"helmet","bndbox":{"xmin":40,"ymin":278,"xmax":80,"ymax":303}},{"name":"helmet","bndbox":{"xmin":318,"ymin":279,"xmax":336,"ymax":299}},{"name":"electrombile","bndbox":{"xmin":76,"ymin":362,"xmax":226,"ymax":515}},{"name":"electrombile","bndbox":{"xmin":708,"ymin":372,"xmax":860,"ymax":512}},{"name":"electrombile","bndbox":{"xmin":540,"ymin":326,"xmax":680,"ymax":464}},{"name":"electrombile","bndbox":{"xmin":388,"ymin":322,"xmax":524,"ymax":459}},{"name":"electrombile","bndbox":{"xmin":184,"ymin":332,"xmax":329,"ymax":460}},{"name":"electrombile","bndbox":{"xmin":340,"ymin":302,"xmax":382,"ymax":342}}]},"time_labeled":1563128549434,"labeled":true,"size":{"width":960,"height":544,"depth":3}}