{"path":"F:\\2\\001548.png","outputs":{"object":[{"name":"helmet","bndbox":{"xmin":407,"ymin":232,"xmax":450,"ymax":272}},{"name":"helmet","bndbox":{"xmin":510,"ymin":223,"xmax":560,"ymax":264}},{"name":"helmet","bndbox":{"xmin":713,"ymin":271,"xmax":784,"ymax":332}},{"name":"electrombile","bndbox":{"xmin":340,"ymin":294,"xmax":533,"ymax":424}},{"name":"electrombile","bndbox":{"xmin":488,"ymin":287,"xmax":616,"ymax":398}},{"name":"electrombile","bndbox":{"xmin":228,"ymin":255,"xmax":268,"ymax":302}},{"name":"electrombile","bndbox":{"xmin":300,"ymin":259,"xmax":332,"ymax":294}},{"name":"electrombile","bndbox":{"xmin":337,"ymin":255,"xmax":374,"ymax":290}},{"name":"electrombile","bndbox":{"xmin":883,"ymin":254,"xmax":960,"ymax":344}},{"name":"electrombile","bndbox":{"xmin":593,"ymin":330,"xmax":696,"ymax":544}},{"name":"electrombile","bndbox":{"xmin":652,"ymin":418,"xmax":912,"ymax":539}}]},"time_labeled":1563128082754,"labeled":true,"size":{"width":960,"height":544,"depth":3}}