{"path":"F:\\2\\001572.png","outputs":{"object":[{"name":"helmet","bndbox":{"xmin":457,"ymin":290,"xmax":540,"ymax":366}},{"name":"helmet","bndbox":{"xmin":552,"ymin":291,"xmax":584,"ymax":330}},{"name":"helmet","bndbox":{"xmin":848,"ymin":283,"xmax":893,"ymax":310}},{"name":"helmet","bndbox":{"xmin":936,"ymin":290,"xmax":954,"ymax":322}},{"name":"helmet","bndbox":{"xmin":60,"ymin":262,"xmax":101,"ymax":290}},{"name":"helmet","bndbox":{"xmin":129,"ymin":259,"xmax":160,"ymax":296}},{"name":"helmet","bndbox":{"xmin":166,"ymin":258,"xmax":188,"ymax":290}},{"name":"helmet","bndbox":{"xmin":336,"ymin":271,"xmax":366,"ymax":291}},{"name":"helmet","bndbox":{"xmin":362,"ymin":270,"xmax":388,"ymax":294}},{"name":"helmet","bndbox":{"xmin":404,"ymin":266,"xmax":433,"ymax":294}},{"name":"helmet","bndbox":{"xmin":556,"ymin":268,"xmax":576,"ymax":295}},{"name":"helmet","bndbox":{"xmin":612,"ymin":282,"xmax":654,"ymax":306}},{"name":"helmet","bndbox":{"xmin":589,"ymin":282,"xmax":613,"ymax":304}},{"name":"electrombile","bndbox":{"xmin":644,"ymin":324,"xmax":748,"ymax":423}},{"name":"electrombile","bndbox":{"xmin":829,"ymin":330,"xmax":900,"ymax":414}},{"name":"electrombile","bndbox":{"xmin":908,"ymin":324,"xmax":956,"ymax":420}},{"name":"electrombile","bndbox":{"xmin":312,"ymin":290,"xmax":380,"ymax":374}}]},"time_labeled":1563129091011,"labeled":true,"size":{"width":960,"height":544,"depth":3}}