{"path":"F:\\2\\001554.png","outputs":{"object":[{"name":"helmet","bndbox":{"xmin":401,"ymin":352,"xmax":508,"ymax":420}},{"name":"helmet","bndbox":{"xmin":396,"ymin":318,"xmax":416,"ymax":336}},{"name":"helmet","bndbox":{"xmin":33,"ymin":318,"xmax":77,"ymax":342}},{"name":"helmet","bndbox":{"xmin":182,"ymin":318,"xmax":204,"ymax":334}},{"name":"electrombile","bndbox":{"xmin":40,"ymin":343,"xmax":100,"ymax":410}},{"name":"electrombile","bndbox":{"xmin":532,"ymin":339,"xmax":576,"ymax":382}},{"name":"electrombile","bndbox":{"xmin":661,"ymin":338,"xmax":720,"ymax":379}},{"name":"electrombile","bndbox":{"xmin":264,"ymin":338,"xmax":305,"ymax":375}},{"name":"electrombile","bndbox":{"xmin":184,"ymin":342,"xmax":212,"ymax":379}},{"name":"electrombile","bndbox":{"xmin":156,"ymin":338,"xmax":188,"ymax":367}},{"name":"electrombile","bndbox":{"xmin":488,"ymin":334,"xmax":512,"ymax":378}}]},"time_labeled":1563128316306,"labeled":true,"size":{"width":960,"height":544,"depth":3}}