{"path":"F:\\2\\001555.png","outputs":{"object":[{"name":"helmet","bndbox":{"xmin":142,"ymin":295,"xmax":254,"ymax":358}},{"name":"helmet","bndbox":{"xmin":604,"ymin":290,"xmax":680,"ymax":342}},{"name":"helmet","bndbox":{"xmin":668,"ymin":292,"xmax":740,"ymax":346}},{"name":"helmet","bndbox":{"xmin":764,"ymin":298,"xmax":822,"ymax":348}},{"name":"helmet","bndbox":{"xmin":2,"ymin":282,"xmax":52,"ymax":332}},{"name":"helmet","bndbox":{"xmin":277,"ymin":254,"xmax":312,"ymax":275}},{"name":"helmet","bndbox":{"xmin":502,"ymin":262,"xmax":516,"ymax":280}},{"name":"electrombile","bndbox":{"xmin":220,"ymin":275,"xmax":256,"ymax":306}},{"name":"electrombile","bndbox":{"xmin":86,"ymin":395,"xmax":402,"ymax":544}},{"name":"electrombile","bndbox":{"xmin":708,"ymin":340,"xmax":952,"ymax":542}},{"name":"electrombile","bndbox":{"xmin":402,"ymin":283,"xmax":440,"ymax":326}},{"name":"electrombile","bndbox":{"xmin":277,"ymin":278,"xmax":317,"ymax":326}},{"name":"electrombile","bndbox":{"xmin":532,"ymin":282,"xmax":576,"ymax":322}}]},"time_labeled":1563128361074,"labeled":true,"size":{"width":960,"height":544,"depth":3}}