{"path":"F:\\2\\001527.png","outputs":{"object":[{"name":"helmet","bndbox":{"xmin":814,"ymin":284,"xmax":956,"ymax":446}},{"name":"helmet","bndbox":{"xmin":-1,"ymin":328,"xmax":50,"ymax":450}},{"name":"helmet","bndbox":{"xmin":96,"ymin":258,"xmax":132,"ymax":302}},{"name":"helmet","bndbox":{"xmin":136,"ymin":274,"xmax":176,"ymax":310}},{"name":"helmet","bndbox":{"xmin":309,"ymin":270,"xmax":352,"ymax":308}},{"name":"helmet","bndbox":{"xmin":422,"ymin":264,"xmax":464,"ymax":302}},{"name":"helmet","bndbox":{"xmin":460,"ymin":243,"xmax":501,"ymax":286}},{"name":"helmet","bndbox":{"xmin":536,"ymin":238,"xmax":572,"ymax":268}},{"name":"helmet","bndbox":{"xmin":561,"ymin":258,"xmax":608,"ymax":286}},{"name":"helmet","bndbox":{"xmin":624,"ymin":251,"xmax":668,"ymax":300}},{"name":"helmet","bndbox":{"xmin":677,"ymin":252,"xmax":721,"ymax":299}},{"name":"helmet","bndbox":{"xmin":769,"ymin":259,"xmax":801,"ymax":298}},{"name":"helmet","bndbox":{"xmin":855,"ymin":246,"xmax":889,"ymax":277}},{"name":"helmet","bndbox":{"xmin":819,"ymin":242,"xmax":853,"ymax":276}},{"name":"electrombile","bndbox":{"xmin":76,"ymin":327,"xmax":288,"ymax":474}},{"name":"electrombile","bndbox":{"xmin":350,"ymin":326,"xmax":588,"ymax":470}},{"name":"electrombile","bndbox":{"xmin":602,"ymin":331,"xmax":808,"ymax":438}}]},"time_labeled":1563127250658,"labeled":true,"size":{"width":960,"height":544,"depth":3}}