{"path":"F:\\2\\001533.png","outputs":{"object":[{"name":"electrombiler","bndbox":{"xmin":536,"ymin":395,"xmax":740,"ymax":544}},{"name":"electrombiler","bndbox":{"xmin":762,"ymin":307,"xmax":880,"ymax":394}},{"name":"electrombiler","bndbox":{"xmin":537,"ymin":310,"xmax":622,"ymax":382}},{"name":"electrombiler","bndbox":{"xmin":661,"ymin":310,"xmax":758,"ymax":390}},{"name":"electrombiler","bndbox":{"xmin":342,"ymin":326,"xmax":457,"ymax":394}},{"name":"electrombiler","bndbox":{"xmin":38,"ymin":324,"xmax":151,"ymax":400}},{"name":"helmet","bndbox":{"xmin":52,"ymin":282,"xmax":89,"ymax":310}},{"name":"helmet","bndbox":{"xmin":92,"ymin":274,"xmax":129,"ymax":306}},{"name":"helmet","bndbox":{"xmin":394,"ymin":286,"xmax":414,"ymax":306}},{"name":"helmet","bndbox":{"xmin":580,"ymin":278,"xmax":596,"ymax":314}},{"name":"helmet","bndbox":{"xmin":378,"ymin":282,"xmax":400,"ymax":306}},{"name":"helmet","bndbox":{"xmin":700,"ymin":286,"xmax":725,"ymax":310}},{"name":"helmet","bndbox":{"xmin":804,"ymin":288,"xmax":830,"ymax":306}}]},"time_labeled":1563127520684,"labeled":true,"size":{"width":960,"height":544,"depth":3}}