{"path":"F:\\2\\001547.png","outputs":{"object":[{"name":"helmet","bndbox":{"xmin":229,"ymin":154,"xmax":288,"ymax":194}},{"name":"helmet","bndbox":{"xmin":628,"ymin":198,"xmax":720,"ymax":274}},{"name":"helmet","bndbox":{"xmin":828,"ymin":162,"xmax":881,"ymax":219}},{"name":"electrombile","bndbox":{"xmin":166,"ymin":240,"xmax":400,"ymax":390}},{"name":"electrombile","bndbox":{"xmin":753,"ymin":252,"xmax":960,"ymax":474}},{"name":"electrombile","bndbox":{"xmin":520,"ymin":350,"xmax":840,"ymax":544}},{"name":"electrombile","bndbox":{"xmin":88,"ymin":190,"xmax":129,"ymax":230}},{"name":"electrombile","bndbox":{"xmin":128,"ymin":194,"xmax":170,"ymax":232}},{"name":"electrombile","bndbox":{"xmin":308,"ymin":206,"xmax":436,"ymax":304}},{"name":"helmet","bndbox":{"xmin":320,"ymin":147,"xmax":356,"ymax":182}}]},"time_labeled":1563128037404,"labeled":true,"size":{"width":960,"height":544,"depth":3}}