{"path":"F:\\2\\001552.png","outputs":{"object":[{"name":"helmet","bndbox":{"xmin":796,"ymin":327,"xmax":862,"ymax":384}},{"name":"helmet","bndbox":{"xmin":940,"ymin":280,"xmax":950,"ymax":306}},{"name":"helmet","bndbox":{"xmin":368,"ymin":306,"xmax":384,"ymax":318}},{"name":"electrombile","bndbox":{"xmin":160,"ymin":328,"xmax":193,"ymax":371}},{"name":"electrombile","bndbox":{"xmin":748,"ymin":378,"xmax":960,"ymax":542}},{"name":"electrombile","bndbox":{"xmin":756,"ymin":308,"xmax":806,"ymax":344}},{"name":"electrombile","bndbox":{"xmin":582,"ymin":322,"xmax":620,"ymax":350}},{"name":"electrombile","bndbox":{"xmin":476,"ymin":323,"xmax":508,"ymax":356}},{"name":"electrombile","bndbox":{"xmin":398,"ymin":326,"xmax":424,"ymax":360}},{"name":"electrombile","bndbox":{"xmin":284,"ymin":328,"xmax":308,"ymax":355}},{"name":"electrombile","bndbox":{"xmin":209,"ymin":328,"xmax":248,"ymax":352}}]},"time_labeled":1563128244033,"labeled":true,"size":{"width":960,"height":544,"depth":3}}