{"path":"F:\\2\\001545.png","outputs":{"object":[{"name":"electrombile","bndbox":{"xmin":6,"ymin":262,"xmax":58,"ymax":306}},{"name":"electrombile","bndbox":{"xmin":260,"ymin":260,"xmax":320,"ymax":302}},{"name":"electrombile","bndbox":{"xmin":428,"ymin":422,"xmax":764,"ymax":538}},{"name":"helmet","bndbox":{"xmin":539,"ymin":283,"xmax":629,"ymax":340}},{"name":"helmet","bndbox":{"xmin":540,"ymin":226,"xmax":568,"ymax":250}}]},"time_labeled":1563127947945,"labeled":true,"size":{"width":960,"height":544,"depth":3}}