{"path":"F:\\2\\001576.png","outputs":{"object":[{"name":"helmet","bndbox":{"xmin":364,"ymin":190,"xmax":421,"ymax":258}},{"name":"helmet","bndbox":{"xmin":244,"ymin":218,"xmax":290,"ymax":263}},{"name":"helmet","bndbox":{"xmin":500,"ymin":194,"xmax":516,"ymax":216}},{"name":"helmet","bndbox":{"xmin":473,"ymin":182,"xmax":488,"ymax":214}},{"name":"helmet","bndbox":{"xmin":589,"ymin":186,"xmax":600,"ymax":219}},{"name":"electrombile","bndbox":{"xmin":182,"ymin":299,"xmax":304,"ymax":476}},{"name":"electrombile","bndbox":{"xmin":480,"ymin":231,"xmax":550,"ymax":310}},{"name":"electrombile","bndbox":{"xmin":576,"ymin":238,"xmax":636,"ymax":306}},{"name":"electrombile","bndbox":{"xmin":704,"ymin":226,"xmax":724,"ymax":274}},{"name":"electrombile","bndbox":{"xmin":630,"ymin":226,"xmax":652,"ymax":290}},{"name":"electrombile","bndbox":{"xmin":92,"ymin":236,"xmax":128,"ymax":296}},{"name":"electrombile","bndbox":{"xmin":316,"ymin":323,"xmax":477,"ymax":530}}]},"time_labeled":1563129230849,"labeled":true,"size":{"width":960,"height":544,"depth":3}}