{"path":"F:\\2\\001532.png","outputs":{"object":[{"name":"helmet","bndbox":{"xmin":204,"ymin":286,"xmax":232,"ymax":316}},{"name":"helmet","bndbox":{"xmin":260,"ymin":282,"xmax":294,"ymax":311}},{"name":"helmet","bndbox":{"xmin":472,"ymin":270,"xmax":506,"ymax":298}},{"name":"helmet","bndbox":{"xmin":584,"ymin":274,"xmax":616,"ymax":303}},{"name":"helmet","bndbox":{"xmin":668,"ymin":276,"xmax":688,"ymax":295}},{"name":"helmet","bndbox":{"xmin":820,"ymin":268,"xmax":849,"ymax":298}},{"name":"electrombile","bndbox":{"xmin":220,"ymin":322,"xmax":341,"ymax":404}},{"name":"electrombile","bndbox":{"xmin":398,"ymin":403,"xmax":580,"ymax":543}},{"name":"electrombile","bndbox":{"xmin":138,"ymin":302,"xmax":232,"ymax":390}},{"name":"electrombile","bndbox":{"xmin":429,"ymin":310,"xmax":532,"ymax":387}},{"name":"electrombile","bndbox":{"xmin":538,"ymin":302,"xmax":646,"ymax":384}},{"name":"electrombile","bndbox":{"xmin":633,"ymin":300,"xmax":724,"ymax":370}},{"name":"electrombile","bndbox":{"xmin":784,"ymin":306,"xmax":890,"ymax":380}},{"name":"electrombile","bndbox":{"xmin":892,"ymin":294,"xmax":949,"ymax":367}},{"name":"electrombile","bndbox":{"xmin":706,"ymin":302,"xmax":754,"ymax":346}}]},"time_labeled":1563127474126,"labeled":true,"size":{"width":960,"height":544,"depth":3}}