{"path":"F:\\2\\001542.png","outputs":{"object":[{"name":"helmet","bndbox":{"xmin":794,"ymin":300,"xmax":888,"ymax":390}},{"name":"helmet","bndbox":{"xmin":613,"ymin":274,"xmax":688,"ymax":331}},{"name":"helmet","bndbox":{"xmin":319,"ymin":258,"xmax":366,"ymax":278}},{"name":"electrombile","bndbox":{"xmin":220,"ymin":294,"xmax":424,"ymax":438}},{"name":"electrombile","bndbox":{"xmin":437,"ymin":374,"xmax":772,"ymax":546}},{"name":"entirey","bndbox":{"xmin":160,"ymin":254,"xmax":192,"ymax":316}},{"name":"electrombile","bndbox":{"xmin":228,"ymin":283,"xmax":272,"ymax":322}}]},"time_labeled":1563127831537,"labeled":true,"size":{"width":960,"height":544,"depth":3}}