{"path":"F:\\2\\001507.png","outputs":{"object":[{"name":"electrombile","bndbox":{"xmin":18,"ymin":244,"xmax":322,"ymax":402}},{"name":"electrombile","bndbox":{"xmin":76,"ymin":150,"xmax":173,"ymax":200}},{"name":"helmet","bndbox":{"xmin":804,"ymin":156,"xmax":864,"ymax":206}},{"name":"helmet","bndbox":{"xmin":880,"ymin":138,"xmax":944,"ymax":194}},{"name":"helmet","bndbox":{"xmin":682,"ymin":227,"xmax":960,"ymax":390}}]},"time_labeled":1563125891528,"labeled":true,"size":{"width":960,"height":544,"depth":3}}