{"path":"F:\\2\\001569.png","outputs":{"object":[{"name":"helmet","bndbox":{"xmin":240,"ymin":342,"xmax":296,"ymax":386}},{"name":"helmet","bndbox":{"xmin":504,"ymin":326,"xmax":610,"ymax":387}},{"name":"helmet","bndbox":{"xmin":648,"ymin":320,"xmax":676,"ymax":354}},{"name":"helmet","bndbox":{"xmin":672,"ymin":303,"xmax":697,"ymax":330}},{"name":"helmet","bndbox":{"xmin":781,"ymin":318,"xmax":828,"ymax":355}},{"name":"helmet","bndbox":{"xmin":484,"ymin":302,"xmax":512,"ymax":327}},{"name":"helmet","bndbox":{"xmin":380,"ymin":310,"xmax":410,"ymax":343}},{"name":"helmet","bndbox":{"xmin":362,"ymin":306,"xmax":384,"ymax":328}},{"name":"helmet","bndbox":{"xmin":406,"ymin":302,"xmax":421,"ymax":334}},{"name":"helmet","bndbox":{"xmin":212,"ymin":296,"xmax":252,"ymax":342}},{"name":"helmet","bndbox":{"xmin":98,"ymin":294,"xmax":128,"ymax":316}},{"name":"helmet","bndbox":{"xmin":61,"ymin":290,"xmax":83,"ymax":318}},{"name":"helmet","bndbox":{"xmin":40,"ymin":288,"xmax":62,"ymax":314}},{"name":"helmet","bndbox":{"xmin":21,"ymin":292,"xmax":48,"ymax":326}},{"name":"electrombile","bndbox":{"xmin":13,"ymin":374,"xmax":108,"ymax":506}},{"name":"electrombile","bndbox":{"xmin":110,"ymin":423,"xmax":378,"ymax":558}},{"name":"electrombile","bndbox":{"xmin":340,"ymin":372,"xmax":457,"ymax":482}},{"name":"electrombile","bndbox":{"xmin":456,"ymin":336,"xmax":518,"ymax":416}},{"name":"electrombile","bndbox":{"xmin":68,"ymin":338,"xmax":125,"ymax":411}},{"name":"electrombile","bndbox":{"xmin":621,"ymin":370,"xmax":736,"ymax":488}},{"name":"electrombile","bndbox":{"xmin":738,"ymin":362,"xmax":864,"ymax":482}}]},"time_labeled":1563128926827,"labeled":true,"size":{"width":960,"height":544,"depth":3}}