{"path":"F:\\2\\001535.png","outputs":{"object":[{"name":"helmet","bndbox":{"xmin":453,"ymin":332,"xmax":497,"ymax":368}},{"name":"helmet","bndbox":{"xmin":229,"ymin":327,"xmax":252,"ymax":366}},{"name":"helmet","bndbox":{"xmin":164,"ymin":326,"xmax":206,"ymax":358}},{"name":"electrombile","bndbox":{"xmin":377,"ymin":375,"xmax":574,"ymax":503}},{"name":"electrombile","bndbox":{"xmin":140,"ymin":382,"xmax":314,"ymax":502}},{"name":"person","bndbox":{"xmin":297,"ymin":378,"xmax":430,"ymax":546}}]},"time_labeled":1563127613649,"labeled":true,"size":{"width":960,"height":544,"depth":3}}