{"path":"F:\\2\\001557.png","outputs":{"object":[{"name":"electrombile","bndbox":{"xmin":600,"ymin":294,"xmax":780,"ymax":547}},{"name":"electrombile","bndbox":{"xmin":240,"ymin":309,"xmax":481,"ymax":467}},{"name":"electrombile","bndbox":{"xmin":-3,"ymin":322,"xmax":84,"ymax":488}},{"name":"electrombile","bndbox":{"xmin":-1,"ymin":246,"xmax":60,"ymax":314}},{"name":"electrombile","bndbox":{"xmin":496,"ymin":239,"xmax":524,"ymax":278}},{"name":"electrombile","bndbox":{"xmin":538,"ymin":240,"xmax":580,"ymax":283}},{"name":"electrombile","bndbox":{"xmin":590,"ymin":244,"xmax":624,"ymax":274}},{"name":"helmet","bndbox":{"xmin":648,"ymin":235,"xmax":700,"ymax":284}},{"name":"helmet","bndbox":{"xmin":832,"ymin":230,"xmax":892,"ymax":275}},{"name":"helmet","bndbox":{"xmin":316,"ymin":235,"xmax":376,"ymax":272}},{"name":"helmet","bndbox":{"xmin":236,"ymin":220,"xmax":276,"ymax":264}},{"name":"helmet","bndbox":{"xmin":4,"ymin":215,"xmax":32,"ymax":240}}]},"time_labeled":1563128440001,"labeled":true,"size":{"width":960,"height":544,"depth":3}}