{"path":"F:\\2\\001592.png","outputs":{"object":[{"name":"electrombile","bndbox":{"xmin":56,"ymin":400,"xmax":425,"ymax":542}},{"name":"electrombile","bndbox":{"xmin":398,"ymin":330,"xmax":566,"ymax":454}},{"name":"electrombile","bndbox":{"xmin":700,"ymin":306,"xmax":878,"ymax":444}},{"name":"helmet","bndbox":{"xmin":849,"ymin":314,"xmax":952,"ymax":418}},{"name":"helmet","bndbox":{"xmin":782,"ymin":287,"xmax":820,"ymax":312}},{"name":"helmet","bndbox":{"xmin":464,"ymin":302,"xmax":508,"ymax":338}},{"name":"helmet","bndbox":{"xmin":496,"ymin":290,"xmax":529,"ymax":330}},{"name":"helmet","bndbox":{"xmin":196,"ymin":328,"xmax":264,"ymax":396}}]},"time_labeled":1563129669560,"labeled":true,"size":{"width":960,"height":544,"depth":3}}