{"path":"F:\\2\\001510.png","outputs":{"object":[{"name":"helmet","bndbox":{"xmin":86,"ymin":231,"xmax":196,"ymax":310}},{"name":"helmet","bndbox":{"xmin":609,"ymin":192,"xmax":700,"ymax":268}},{"name":"helmet","bndbox":{"xmin":510,"ymin":290,"xmax":820,"ymax":458}},{"name":"electrombile","bndbox":{"xmin":4,"ymin":364,"xmax":380,"ymax":540}},{"name":"electrombile","bndbox":{"xmin":440,"ymin":166,"xmax":492,"ymax":216}}]},"time_labeled":1563126015249,"labeled":true,"size":{"width":960,"height":544,"depth":3}}