{"path":"F:\\2\\001584.png","outputs":{"object":[{"name":"entirey","bndbox":{"xmin":698,"ymin":242,"xmax":844,"ymax":428}},{"name":"entirey","bndbox":{"xmin":816,"ymin":234,"xmax":866,"ymax":334}},{"name":"entirey","bndbox":{"xmin":880,"ymin":238,"xmax":937,"ymax":359}},{"name":"entirey","bndbox":{"xmin":228,"ymin":230,"xmax":352,"ymax":378}},{"name":"helmet","bndbox":{"xmin":272,"ymin":238,"xmax":304,"ymax":267}},{"name":"helmet","bndbox":{"xmin":748,"ymin":246,"xmax":780,"ymax":276}},{"name":"helmet","bndbox":{"xmin":832,"ymin":238,"xmax":852,"ymax":260}},{"name":"helmet","bndbox":{"xmin":897,"ymin":234,"xmax":925,"ymax":259}},{"name":"helmet","bndbox":{"xmin":196,"ymin":252,"xmax":216,"ymax":270}},{"name":"electrombile","bndbox":{"xmin":252,"ymin":258,"xmax":338,"ymax":362}},{"name":"electrombile","bndbox":{"xmin":716,"ymin":294,"xmax":822,"ymax":406}},{"name":"electrombile","bndbox":{"xmin":816,"ymin":274,"xmax":858,"ymax":346}},{"name":"electrombile","bndbox":{"xmin":890,"ymin":278,"xmax":944,"ymax":347}}]},"time_labeled":1563129434016,"labeled":true,"size":{"width":960,"height":544,"depth":3}}