{"path":"F:\\2\\001574.png","outputs":{"object":[{"name":"helmet","bndbox":{"xmin":466,"ymin":292,"xmax":578,"ymax":351}},{"name":"helmet","bndbox":{"xmin":90,"ymin":286,"xmax":158,"ymax":342}},{"name":"helmet","bndbox":{"xmin":160,"ymin":270,"xmax":212,"ymax":302}},{"name":"helmet","bndbox":{"xmin":298,"ymin":268,"xmax":324,"ymax":296}},{"name":"helmet","bndbox":{"xmin":376,"ymin":262,"xmax":405,"ymax":288}},{"name":"helmet","bndbox":{"xmin":460,"ymin":266,"xmax":486,"ymax":290}},{"name":"helmet","bndbox":{"xmin":880,"ymin":278,"xmax":921,"ymax":300}},{"name":"electrombile","bndbox":{"xmin":676,"ymin":299,"xmax":733,"ymax":366}},{"name":"electrombile","bndbox":{"xmin":741,"ymin":302,"xmax":794,"ymax":372}},{"name":"electrombile","bndbox":{"xmin":268,"ymin":308,"xmax":360,"ymax":414}}]},"time_labeled":1563129163250,"labeled":true,"size":{"width":960,"height":544,"depth":3}}