{"path":"F:\\2\\001581.png","outputs":{"object":[{"name":"electrombile","bndbox":{"xmin":498,"ymin":194,"xmax":594,"ymax":290}},{"name":"electrombile","bndbox":{"xmin":588,"ymin":191,"xmax":684,"ymax":278}},{"name":"electrombile","bndbox":{"xmin":692,"ymin":199,"xmax":768,"ymax":282}},{"name":"electrombile","bndbox":{"xmin":852,"ymin":198,"xmax":944,"ymax":284}},{"name":"helmet","bndbox":{"xmin":884,"ymin":152,"xmax":924,"ymax":182}},{"name":"helmet","bndbox":{"xmin":716,"ymin":159,"xmax":734,"ymax":184}},{"name":"helmet","bndbox":{"xmin":620,"ymin":150,"xmax":656,"ymax":186}},{"name":"helmetr","bndbox":{"xmin":536,"ymin":154,"xmax":581,"ymax":186}},{"name":"entirey","bndbox":{"xmin":496,"ymin":128,"xmax":598,"ymax":296}},{"name":"entirey","bndbox":{"xmin":597,"ymin":151,"xmax":682,"ymax":278}},{"name":"entirey","bndbox":{"xmin":697,"ymin":138,"xmax":776,"ymax":279}},{"name":"entirey","bndbox":{"xmin":856,"ymin":146,"xmax":942,"ymax":290}}]},"time_labeled":1563129347896,"labeled":true,"size":{"width":960,"height":544,"depth":3}}