{"path":"F:\\2\\001583.png","outputs":{"object":[{"name":"electrombile","bndbox":{"xmin":488,"ymin":314,"xmax":654,"ymax":458}},{"name":"electrombile","bndbox":{"xmin":206,"ymin":272,"xmax":317,"ymax":376}},{"name":"electrombile","bndbox":{"xmin":80,"ymin":270,"xmax":128,"ymax":324}},{"name":"helmet","bndbox":{"xmin":96,"ymin":246,"xmax":112,"ymax":272}},{"name":"helmet","bndbox":{"xmin":232,"ymin":234,"xmax":300,"ymax":270}},{"name":"helmet","bndbox":{"xmin":545,"ymin":250,"xmax":581,"ymax":290}},{"name":"helmet","bndbox":{"xmin":906,"ymin":238,"xmax":926,"ymax":266}},{"name":"electrombile","bndbox":{"xmin":888,"ymin":264,"xmax":944,"ymax":346}},{"name":"entirey","bndbox":{"xmin":486,"ymin":247,"xmax":668,"ymax":422}},{"name":"entirey","bndbox":{"xmin":888,"ymin":234,"xmax":956,"ymax":364}},{"name":"entirey","bndbox":{"xmin":192,"ymin":226,"xmax":332,"ymax":398}},{"name":"entirey","bndbox":{"xmin":80,"ymin":236,"xmax":121,"ymax":324}}]},"time_labeled":1563129404888,"labeled":true,"size":{"width":960,"height":544,"depth":3}}