{"path":"F:\\2\\001529.png","outputs":{"object":[{"name":"helmet","bndbox":{"xmin":145,"ymin":354,"xmax":176,"ymax":403}},{"name":"helmet","bndbox":{"xmin":158,"ymin":332,"xmax":198,"ymax":379}},{"name":"helmet","bndbox":{"xmin":356,"ymin":335,"xmax":396,"ymax":380}},{"name":"helmet","bndbox":{"xmin":754,"ymin":339,"xmax":808,"ymax":378}},{"name":"helmet","bndbox":{"xmin":868,"ymin":342,"xmax":905,"ymax":381}},{"name":"helmet","bndbox":{"xmin":908,"ymin":320,"xmax":944,"ymax":370}},{"name":"helmet","bndbox":{"xmin":682,"ymin":326,"xmax":712,"ymax":352}},{"name":"helmet","bndbox":{"xmin":712,"ymin":342,"xmax":738,"ymax":374}},{"name":"electrombile","bndbox":{"xmin":308,"ymin":383,"xmax":502,"ymax":519}},{"name":"electrombile","bndbox":{"xmin":53,"ymin":428,"xmax":248,"ymax":534}},{"name":"electrombile","bndbox":{"xmin":510,"ymin":422,"xmax":745,"ymax":538}}]},"time_labeled":1563127346771,"labeled":true,"size":{"width":960,"height":544,"depth":3}}