{"path":"F:\\2\\001537.png","outputs":{"object":[{"name":"entirey","bndbox":{"xmin":257,"ymin":334,"xmax":296,"ymax":403}},{"name":"entirey","bndbox":{"xmin":840,"ymin":332,"xmax":880,"ymax":406}},{"name":"entirey","bndbox":{"xmin":793,"ymin":336,"xmax":828,"ymax":402}},{"name":"entirey","bndbox":{"xmin":745,"ymin":334,"xmax":790,"ymax":402}},{"name":"entirey","bndbox":{"xmin":700,"ymin":338,"xmax":728,"ymax":410}},{"name":"person","bndbox":{"xmin":100,"ymin":368,"xmax":240,"ymax":547}}]},"time_labeled":1563127668345,"labeled":true,"size":{"width":960,"height":544,"depth":3}}