{"path":"F:\\2\\001575.png","outputs":{"object":[{"name":"electrombile","bndbox":{"xmin":0,"ymin":300,"xmax":150,"ymax":507}},{"name":"electrombile","bndbox":{"xmin":369,"ymin":254,"xmax":432,"ymax":343}},{"name":"electrombile","bndbox":{"xmin":58,"ymin":222,"xmax":108,"ymax":270}},{"name":"electrombile","bndbox":{"xmin":444,"ymin":310,"xmax":620,"ymax":544}},{"name":"helmet","bndbox":{"xmin":485,"ymin":220,"xmax":570,"ymax":274}},{"name":"helmet","bndbox":{"xmin":740,"ymin":200,"xmax":802,"ymax":270}},{"name":"helmet","bndbox":{"xmin":378,"ymin":198,"xmax":408,"ymax":222}},{"name":"helmet","bndbox":{"xmin":569,"ymin":190,"xmax":588,"ymax":226}},{"name":"helmet","bndbox":{"xmin":492,"ymin":196,"xmax":512,"ymax":222}}]},"time_labeled":1563129190747,"labeled":true,"size":{"width":960,"height":544,"depth":3}}