{"path":"F:\\2\\001562.png","outputs":{"object":[{"name":"helmet","bndbox":{"xmin":256,"ymin":291,"xmax":292,"ymax":352}},{"name":"helmet","bndbox":{"xmin":296,"ymin":292,"xmax":328,"ymax":338}},{"name":"helmet","bndbox":{"xmin":328,"ymin":294,"xmax":356,"ymax":320}},{"name":"helmet","bndbox":{"xmin":384,"ymin":290,"xmax":414,"ymax":318}},{"name":"helmet","bndbox":{"xmin":458,"ymin":298,"xmax":521,"ymax":338}},{"name":"helmet","bndbox":{"xmin":576,"ymin":282,"xmax":612,"ymax":314}},{"name":"helmet","bndbox":{"xmin":644,"ymin":302,"xmax":690,"ymax":330}},{"name":"helmet","bndbox":{"xmin":924,"ymin":310,"xmax":948,"ymax":326}},{"name":"electrombile","bndbox":{"xmin":896,"ymin":319,"xmax":968,"ymax":438}},{"name":"electrombile","bndbox":{"xmin":788,"ymin":332,"xmax":874,"ymax":431}},{"name":"electrombile","bndbox":{"xmin":612,"ymin":354,"xmax":721,"ymax":459}},{"name":"electrombile","bndbox":{"xmin":545,"ymin":318,"xmax":628,"ymax":420}},{"name":"electrombile","bndbox":{"xmin":432,"ymin":362,"xmax":570,"ymax":498}},{"name":"electrombile","bndbox":{"xmin":205,"ymin":354,"xmax":344,"ymax":486}},{"name":"electrombile","bndbox":{"xmin":370,"ymin":330,"xmax":440,"ymax":424}}]},"time_labeled":1563128632489,"labeled":true,"size":{"width":960,"height":544,"depth":3}}