{"path":"F:\\2\\001571.png","outputs":{"object":[{"name":"helmet","bndbox":{"xmin":497,"ymin":302,"xmax":573,"ymax":367}},{"name":"helmet","bndbox":{"xmin":744,"ymin":302,"xmax":770,"ymax":330}},{"name":"helmet","bndbox":{"xmin":678,"ymin":290,"xmax":700,"ymax":318}},{"name":"helmet","bndbox":{"xmin":625,"ymin":294,"xmax":645,"ymax":318}},{"name":"helmet","bndbox":{"xmin":570,"ymin":288,"xmax":604,"ymax":314}},{"name":"helmet","bndbox":{"xmin":408,"ymin":282,"xmax":436,"ymax":314}},{"name":"helmet","bndbox":{"xmin":284,"ymin":293,"xmax":311,"ymax":316}},{"name":"helmet","bndbox":{"xmin":297,"ymin":295,"xmax":304,"ymax":300}},{"name":"helmet","bndbox":{"xmin":372,"ymin":302,"xmax":401,"ymax":342}},{"name":"helmet","bndbox":{"xmin":256,"ymin":276,"xmax":276,"ymax":303}},{"name":"helmet","bndbox":{"xmin":202,"ymin":272,"xmax":220,"ymax":298}},{"name":"helmet","bndbox":{"xmin":34,"ymin":280,"xmax":68,"ymax":302}},{"name":"electrombile","bndbox":{"xmin":5,"ymin":318,"xmax":128,"ymax":419}},{"name":"electrombile","bndbox":{"xmin":706,"ymin":354,"xmax":804,"ymax":450}},{"name":"electrombile","bndbox":{"xmin":616,"ymin":323,"xmax":668,"ymax":399}},{"name":"electrombile","bndbox":{"xmin":656,"ymin":322,"xmax":712,"ymax":382}},{"name":"electrombile","bndbox":{"xmin":908,"ymin":332,"xmax":964,"ymax":406}},{"name":"helmet","bndbox":{"xmin":924,"ymin":300,"xmax":944,"ymax":330}}]},"time_labeled":1563129043031,"labeled":true,"size":{"width":960,"height":544,"depth":3}}