{"path":"F:\\2\\001534.png","outputs":{"object":[{"name":"electrombile","bndbox":{"xmin":61,"ymin":356,"xmax":188,"ymax":432}},{"name":"electrombile","bndbox":{"xmin":338,"ymin":342,"xmax":424,"ymax":406}},{"name":"electrombile","bndbox":{"xmin":418,"ymin":342,"xmax":529,"ymax":431}},{"name":"electrombile","bndbox":{"xmin":536,"ymin":334,"xmax":662,"ymax":423}},{"name":"helmet","bndbox":{"xmin":116,"ymin":307,"xmax":152,"ymax":339}},{"name":"helmet","bndbox":{"xmin":158,"ymin":306,"xmax":189,"ymax":338}},{"name":"helmet","bndbox":{"xmin":398,"ymin":310,"xmax":425,"ymax":335}},{"name":"helmet","bndbox":{"xmin":441,"ymin":303,"xmax":469,"ymax":326}},{"name":"helmet","bndbox":{"xmin":470,"ymin":306,"xmax":508,"ymax":338}},{"name":"helmet","bndbox":{"xmin":576,"ymin":303,"xmax":620,"ymax":335}},{"name":"helmet","bndbox":{"xmin":729,"ymin":366,"xmax":792,"ymax":424}}]},"time_labeled":1563127576811,"labeled":true,"size":{"width":960,"height":544,"depth":3}}