{"path":"F:\\2\\001585.png","outputs":{"object":[{"name":"helmet","bndbox":{"xmin":437,"ymin":266,"xmax":572,"ymax":376}},{"name":"electrombile","bndbox":{"xmin":248,"ymin":382,"xmax":817,"ymax":548}},{"name":"electrombile","bndbox":{"xmin":900,"ymin":284,"xmax":968,"ymax":378}},{"name":"electrombile","bndbox":{"xmin":877,"ymin":280,"xmax":912,"ymax":336}},{"name":"electrombile","bndbox":{"xmin":365,"ymin":270,"xmax":444,"ymax":350}},{"name":"helmet","bndbox":{"xmin":376,"ymin":242,"xmax":396,"ymax":268}},{"name":"entirey","bndbox":{"xmin":816,"ymin":258,"xmax":858,"ymax":342}}]},"time_labeled":1563129460527,"labeled":true,"size":{"width":960,"height":544,"depth":3}}