{"path":"F:\\2\\001530.png","outputs":{"object":[{"name":"electrombile","bndbox":{"xmin":148,"ymin":386,"xmax":400,"ymax":534}},{"name":"electrombile","bndbox":{"xmin":618,"ymin":404,"xmax":860,"ymax":538}},{"name":"electrombile","bndbox":{"xmin":473,"ymin":390,"xmax":632,"ymax":510}},{"name":"electrombile","bndbox":{"xmin":312,"ymin":363,"xmax":496,"ymax":504}},{"name":"helmet","bndbox":{"xmin":350,"ymin":314,"xmax":396,"ymax":354}},{"name":"helmet","bndbox":{"xmin":436,"ymin":303,"xmax":469,"ymax":340}},{"name":"helmet","bndbox":{"xmin":532,"ymin":314,"xmax":572,"ymax":347}},{"name":"helmet","bndbox":{"xmin":580,"ymin":318,"xmax":628,"ymax":368}},{"name":"helmet","bndbox":{"xmin":678,"ymin":308,"xmax":704,"ymax":331}},{"name":"helmet","bndbox":{"xmin":908,"ymin":310,"xmax":941,"ymax":352}},{"name":"helmet","bndbox":{"xmin":866,"ymin":322,"xmax":916,"ymax":367}},{"name":"helmet","bndbox":{"xmin":753,"ymin":322,"xmax":800,"ymax":354}}]},"time_labeled":1563127387116,"labeled":true,"size":{"width":960,"height":544,"depth":3}}