{"path":"F:\\2\\001514.png","outputs":{"object":[{"name":"helmet","bndbox":{"xmin":178,"ymin":229,"xmax":228,"ymax":261}},{"name":"helmet","bndbox":{"xmin":110,"ymin":294,"xmax":330,"ymax":422}},{"name":"electrombile","bndbox":{"xmin":568,"ymin":234,"xmax":632,"ymax":295}},{"name":"helmet","bndbox":{"xmin":656,"ymin":226,"xmax":717,"ymax":278}},{"name":"helmet","bndbox":{"xmin":728,"ymin":210,"xmax":772,"ymax":254}},{"name":"helmet","bndbox":{"xmin":818,"ymin":218,"xmax":885,"ymax":287}},{"name":"helmet","bndbox":{"xmin":460,"ymin":327,"xmax":769,"ymax":506}},{"name":"electrombile","bndbox":{"xmin":268,"ymin":251,"xmax":418,"ymax":371}},{"name":"electrombile","bndbox":{"xmin":312,"ymin":208,"xmax":360,"ymax":250}}]},"time_labeled":1563126204956,"labeled":true,"size":{"width":960,"height":544,"depth":3}}