{"path":"F:\\2\\001528.png","outputs":{"object":[{"name":"electrombile","bndbox":{"xmin":666,"ymin":384,"xmax":920,"ymax":519}},{"name":"electrombile","bndbox":{"xmin":552,"ymin":366,"xmax":694,"ymax":506}},{"name":"electrombile","bndbox":{"xmin":408,"ymin":394,"xmax":619,"ymax":526}},{"name":"helmet","bndbox":{"xmin":244,"ymin":318,"xmax":268,"ymax":356}},{"name":"helmet","bndbox":{"xmin":424,"ymin":304,"xmax":468,"ymax":350}},{"name":"helmet","bndbox":{"xmin":460,"ymin":322,"xmax":512,"ymax":359}},{"name":"helmet","bndbox":{"xmin":568,"ymin":292,"xmax":600,"ymax":328}},{"name":"helmet","bndbox":{"xmin":753,"ymin":315,"xmax":804,"ymax":358}},{"name":"helmet","bndbox":{"xmin":792,"ymin":294,"xmax":821,"ymax":335}},{"name":"helmet","bndbox":{"xmin":866,"ymin":278,"xmax":900,"ymax":319}},{"name":"helmet","bndbox":{"xmin":904,"ymin":304,"xmax":936,"ymax":342}}]},"time_labeled":1563127299235,"labeled":true,"size":{"width":960,"height":544,"depth":3}}