{"path":"F:\\2\\001513.png","outputs":{"object":[{"name":"electrombile","bndbox":{"xmin":410,"ymin":222,"xmax":464,"ymax":278}},{"name":"helmet","bndbox":{"xmin":468,"ymin":211,"xmax":533,"ymax":269}},{"name":"helmet","bndbox":{"xmin":560,"ymin":218,"xmax":646,"ymax":290}},{"name":"helmet","bndbox":{"xmin":745,"ymin":212,"xmax":806,"ymax":284}},{"name":"helmet","bndbox":{"xmin":817,"ymin":211,"xmax":880,"ymax":292}},{"name":"helmet","bndbox":{"xmin":448,"ymin":308,"xmax":728,"ymax":487}},{"name":"electrombile","bndbox":{"xmin":288,"ymin":292,"xmax":482,"ymax":446}},{"name":"electrombile","bndbox":{"xmin":708,"ymin":332,"xmax":958,"ymax":491}}]},"time_labeled":1563126149181,"labeled":true,"size":{"width":960,"height":544,"depth":3}}