{"path":"F:\\2\\001594.png","outputs":{"object":[{"name":"helmet","bndbox":{"xmin":82,"ymin":308,"xmax":120,"ymax":342}},{"name":"helmet","bndbox":{"xmin":432,"ymin":282,"xmax":472,"ymax":334}},{"name":"helmet","bndbox":{"xmin":585,"ymin":282,"xmax":621,"ymax":318}},{"name":"helmet","bndbox":{"xmin":828,"ymin":286,"xmax":873,"ymax":311}},{"name":"helmet","bndbox":{"xmin":40,"ymin":310,"xmax":80,"ymax":342}},{"name":"helmet","bndbox":{"xmin":188,"ymin":286,"xmax":225,"ymax":318}},{"name":"electrombile","bndbox":{"xmin":16,"ymin":354,"xmax":196,"ymax":482}},{"name":"electrombile","bndbox":{"xmin":746,"ymin":322,"xmax":921,"ymax":430}},{"name":"electrombile","bndbox":{"xmin":320,"ymin":350,"xmax":548,"ymax":475}},{"name":"electrombile","bndbox":{"xmin":144,"ymin":338,"xmax":285,"ymax":456}}]},"time_labeled":1563129801938,"labeled":true,"size":{"width":960,"height":544,"depth":3}}