{"path":"F:\\2\\001544.png","outputs":{"object":[{"name":"helmet","bndbox":{"xmin":660,"ymin":275,"xmax":763,"ymax":337}},{"name":"helmet","bndbox":{"xmin":558,"ymin":228,"xmax":576,"ymax":250}},{"name":"helmet","bndbox":{"xmin":66,"ymin":238,"xmax":92,"ymax":262}},{"name":"helmet","bndbox":{"xmin":806,"ymin":235,"xmax":818,"ymax":247}},{"name":"electrombile","bndbox":{"xmin":564,"ymin":427,"xmax":872,"ymax":538}},{"name":"electrombile","bndbox":{"xmin":545,"ymin":262,"xmax":610,"ymax":328}},{"name":"electrombile","bndbox":{"xmin":372,"ymin":259,"xmax":437,"ymax":302}},{"name":"electrombile","bndbox":{"xmin":119,"ymin":268,"xmax":175,"ymax":308}},{"name":"electrombile","bndbox":{"xmin":8,"ymin":271,"xmax":36,"ymax":300}},{"name":"electrombile","bndbox":{"xmin":64,"ymin":271,"xmax":96,"ymax":306}},{"name":"electrombile","bndbox":{"xmin":790,"ymin":260,"xmax":832,"ymax":304}}]},"time_labeled":1563127924913,"labeled":true,"size":{"width":960,"height":544,"depth":3}}