{"path":"F:\\2\\001589.png","outputs":{"object":[{"name":"electrombile","bndbox":{"xmin":200,"ymin":295,"xmax":284,"ymax":390}},{"name":"electrombile","bndbox":{"xmin":344,"ymin":286,"xmax":424,"ymax":363}},{"name":"electrombile","bndbox":{"xmin":432,"ymin":274,"xmax":481,"ymax":320}},{"name":"electrombile","bndbox":{"xmin":869,"ymin":278,"xmax":920,"ymax":342}},{"name":"electrombile","bndbox":{"xmin":42,"ymin":255,"xmax":88,"ymax":318}},{"name":"electrombile","bndbox":{"xmin":124,"ymin":254,"xmax":165,"ymax":298}},{"name":"helmet","bndbox":{"xmin":372,"ymin":234,"xmax":392,"ymax":264}},{"name":"helmet","bndbox":{"xmin":818,"ymin":266,"xmax":838,"ymax":278}},{"name":"helmet","bndbox":{"xmin":220,"ymin":244,"xmax":260,"ymax":274}},{"name":"helmet","bndbox":{"xmin":56,"ymin":240,"xmax":74,"ymax":262}},{"name":"electrombile","bndbox":{"xmin":290,"ymin":278,"xmax":320,"ymax":314}},{"name":"helmet","bndbox":{"xmin":437,"ymin":252,"xmax":457,"ymax":270}},{"name":"helmet","bndbox":{"xmin":453,"ymin":258,"xmax":464,"ymax":272}},{"name":"helmet","bndbox":{"xmin":348,"ymin":250,"xmax":364,"ymax":266}},{"name":"helmet","bndbox":{"xmin":317,"ymin":247,"xmax":337,"ymax":264}},{"name":"helmet","bndbox":{"xmin":304,"ymin":251,"xmax":316,"ymax":267}}]},"time_labeled":1563129568120,"labeled":true,"size":{"width":960,"height":544,"depth":3}}