{"path":"F:\\2\\001577.png","outputs":{"object":[{"name":"helmet","bndbox":{"xmin":320,"ymin":242,"xmax":372,"ymax":302}},{"name":"helmet","bndbox":{"xmin":486,"ymin":228,"xmax":526,"ymax":264}},{"name":"helmet","bndbox":{"xmin":544,"ymin":238,"xmax":584,"ymax":278}},{"name":"electrombile","bndbox":{"xmin":256,"ymin":314,"xmax":409,"ymax":531}},{"name":"electrombile","bndbox":{"xmin":500,"ymin":326,"xmax":672,"ymax":447}},{"name":"electrombile","bndbox":{"xmin":765,"ymin":267,"xmax":800,"ymax":314}}]},"time_labeled":1563129259312,"labeled":true,"size":{"width":960,"height":544,"depth":3}}