{"path":"F:\\2\\001591.png","outputs":{"object":[{"name":"helmet","bndbox":{"xmin":40,"ymin":292,"xmax":76,"ymax":330}},{"name":"helmet","bndbox":{"xmin":206,"ymin":304,"xmax":260,"ymax":334}},{"name":"helmet","bndbox":{"xmin":458,"ymin":290,"xmax":522,"ymax":322}},{"name":"helmet","bndbox":{"xmin":588,"ymin":286,"xmax":642,"ymax":322}},{"name":"helmet","bndbox":{"xmin":820,"ymin":286,"xmax":857,"ymax":319}},{"name":"helmet","bndbox":{"xmin":849,"ymin":266,"xmax":886,"ymax":306}},{"name":"electrombile","bndbox":{"xmin":754,"ymin":310,"xmax":930,"ymax":446}},{"name":"electrombile","bndbox":{"xmin":548,"ymin":331,"xmax":700,"ymax":424}},{"name":"electrombile","bndbox":{"xmin":452,"ymin":346,"xmax":564,"ymax":440}},{"name":"electrombile","bndbox":{"xmin":289,"ymin":351,"xmax":480,"ymax":475}},{"name":"electrombile","bndbox":{"xmin":110,"ymin":338,"xmax":292,"ymax":474}}]},"time_labeled":1563129639809,"labeled":true,"size":{"width":960,"height":544,"depth":3}}