{"path":"F:\\2\\001551.png","outputs":{"object":[{"name":"helmet","bndbox":{"xmin":8,"ymin":326,"xmax":33,"ymax":362}},{"name":"helmet","bndbox":{"xmin":800,"ymin":352,"xmax":868,"ymax":419}},{"name":"helmet","bndbox":{"xmin":304,"ymin":319,"xmax":320,"ymax":342}},{"name":"electrombile","bndbox":{"xmin":-3,"ymin":374,"xmax":124,"ymax":490}},{"name":"electrombile","bndbox":{"xmin":554,"ymin":335,"xmax":596,"ymax":378}},{"name":"electrombile","bndbox":{"xmin":656,"ymin":338,"xmax":722,"ymax":372}},{"name":"electrombile","bndbox":{"xmin":332,"ymin":342,"xmax":365,"ymax":382}},{"name":"electrombile","bndbox":{"xmin":432,"ymin":340,"xmax":438,"ymax":378}},{"name":"electrombile","bndbox":{"xmin":256,"ymin":338,"xmax":268,"ymax":379}},{"name":"electrombile","bndbox":{"xmin":149,"ymin":346,"xmax":192,"ymax":383}},{"name":"electrombile","bndbox":{"xmin":68,"ymin":354,"xmax":98,"ymax":387}}]},"time_labeled":1563128207754,"labeled":true,"size":{"width":960,"height":544,"depth":3}}