{"path":"F:\\2\\001578.png","outputs":{"object":[{"name":"helmet","bndbox":{"xmin":460,"ymin":266,"xmax":560,"ymax":360}},{"name":"helmet","bndbox":{"xmin":788,"ymin":184,"xmax":837,"ymax":230}},{"name":"helmet","bndbox":{"xmin":524,"ymin":198,"xmax":560,"ymax":226}},{"name":"helmet","bndbox":{"xmin":264,"ymin":203,"xmax":300,"ymax":234}},{"name":"helmet","bndbox":{"xmin":-3,"ymin":198,"xmax":36,"ymax":248}},{"name":"electrombile","bndbox":{"xmin":-11,"ymin":267,"xmax":126,"ymax":406}},{"name":"electrombile","bndbox":{"xmin":736,"ymin":248,"xmax":898,"ymax":427}},{"name":"electrombile","bndbox":{"xmin":200,"ymin":274,"xmax":392,"ymax":418}}]},"time_labeled":1563129285663,"labeled":true,"size":{"width":960,"height":544,"depth":3}}