{"path":"F:\\2\\001524.png","outputs":{"object":[{"name":"helmet","bndbox":{"xmin":228,"ymin":299,"xmax":268,"ymax":334}},{"name":"helmet","bndbox":{"xmin":508,"ymin":288,"xmax":553,"ymax":330}},{"name":"helmet","bndbox":{"xmin":716,"ymin":278,"xmax":752,"ymax":327}},{"name":"helmet","bndbox":{"xmin":858,"ymin":286,"xmax":908,"ymax":326}},{"name":"helmet","bndbox":{"xmin":772,"ymin":282,"xmax":822,"ymax":338}},{"name":"helmet","bndbox":{"xmin":628,"ymin":262,"xmax":656,"ymax":290}},{"name":"electrombile","bndbox":{"xmin":140,"ymin":354,"xmax":384,"ymax":506}},{"name":"electrombile","bndbox":{"xmin":440,"ymin":354,"xmax":684,"ymax":503}},{"name":"electrombile","bndbox":{"xmin":689,"ymin":346,"xmax":915,"ymax":490}}]},"time_labeled":1563127057474,"labeled":true,"size":{"width":960,"height":544,"depth":3}}