{"path":"F:\\2\\001561.png","outputs":{"object":[{"name":"electrombile","bndbox":{"xmin":156,"ymin":364,"xmax":318,"ymax":550}},{"name":"electrombile","bndbox":{"xmin":372,"ymin":371,"xmax":494,"ymax":494}},{"name":"electrombile","bndbox":{"xmin":581,"ymin":334,"xmax":701,"ymax":452}},{"name":"electrombile","bndbox":{"xmin":724,"ymin":346,"xmax":820,"ymax":464}},{"name":"electrombile","bndbox":{"xmin":816,"ymin":346,"xmax":966,"ymax":522}},{"name":"electrombile","bndbox":{"xmin":441,"ymin":334,"xmax":540,"ymax":456}},{"name":"electrombile","bndbox":{"xmin":256,"ymin":331,"xmax":357,"ymax":434}},{"name":"electrombile","bndbox":{"xmin":54,"ymin":338,"xmax":169,"ymax":444}},{"name":"helmet","bndbox":{"xmin":89,"ymin":290,"xmax":122,"ymax":322}},{"name":"helmet","bndbox":{"xmin":873,"ymin":287,"xmax":900,"ymax":342}},{"name":"helmet","bndbox":{"xmin":764,"ymin":290,"xmax":796,"ymax":326}},{"name":"helmet","bndbox":{"xmin":388,"ymin":298,"xmax":448,"ymax":338}},{"name":"helmet","bndbox":{"xmin":450,"ymin":284,"xmax":498,"ymax":314}},{"name":"helmet","bndbox":{"xmin":293,"ymin":282,"xmax":336,"ymax":314}},{"name":"helmet","bndbox":{"xmin":168,"ymin":282,"xmax":194,"ymax":311}},{"name":"helmet","bndbox":{"xmin":180,"ymin":295,"xmax":238,"ymax":338}}]},"time_labeled":1563128588441,"labeled":true,"size":{"width":960,"height":544,"depth":3}}