{"path":"F:\\2\\001550.png","outputs":{"object":[{"name":"helmet","bndbox":{"xmin":464,"ymin":295,"xmax":522,"ymax":346}},{"name":"helmet","bndbox":{"xmin":692,"ymin":340,"xmax":784,"ymax":414}},{"name":"helmet","bndbox":{"xmin":769,"ymin":294,"xmax":814,"ymax":323}},{"name":"helmet","bndbox":{"xmin":845,"ymin":292,"xmax":888,"ymax":322}},{"name":"helmet","bndbox":{"xmin":24,"ymin":350,"xmax":92,"ymax":398}},{"name":"helmet","bndbox":{"xmin":208,"ymin":322,"xmax":224,"ymax":338}},{"name":"electrombile","bndbox":{"xmin":386,"ymin":350,"xmax":596,"ymax":467}},{"name":"electrombile","bndbox":{"xmin":820,"ymin":342,"xmax":953,"ymax":459}},{"name":"electrombile","bndbox":{"xmin":107,"ymin":346,"xmax":152,"ymax":376}},{"name":"electrombile","bndbox":{"xmin":241,"ymin":342,"xmax":280,"ymax":379}},{"name":"electrombile","bndbox":{"xmin":336,"ymin":330,"xmax":372,"ymax":372}}]},"time_labeled":1563128168145,"labeled":true,"size":{"width":960,"height":544,"depth":3}}