{"path":"F:\\2\\001593.png","outputs":{"object":[{"name":"helmet","bndbox":{"xmin":132,"ymin":306,"xmax":170,"ymax":347}},{"name":"helmet","bndbox":{"xmin":216,"ymin":307,"xmax":264,"ymax":348}},{"name":"helmet","bndbox":{"xmin":436,"ymin":286,"xmax":466,"ymax":334}},{"name":"helmet","bndbox":{"xmin":482,"ymin":274,"xmax":513,"ymax":319}},{"name":"helmet","bndbox":{"xmin":724,"ymin":314,"xmax":810,"ymax":408}},{"name":"helmet","bndbox":{"xmin":793,"ymin":279,"xmax":837,"ymax":334}},{"name":"electrombile","bndbox":{"xmin":337,"ymin":326,"xmax":532,"ymax":480}},{"name":"electrombile","bndbox":{"xmin":156,"ymin":347,"xmax":314,"ymax":464}},{"name":"electrombile","bndbox":{"xmin":33,"ymin":342,"xmax":76,"ymax":398}},{"name":"electrombile","bndbox":{"xmin":0,"ymin":338,"xmax":37,"ymax":394}},{"name":"electrombile","bndbox":{"xmin":61,"ymin":350,"xmax":182,"ymax":456}},{"name":"electrombile","bndbox":{"xmin":633,"ymin":310,"xmax":744,"ymax":435}}]},"time_labeled":1563129701442,"labeled":true,"size":{"width":960,"height":544,"depth":3}}