{"path":"F:\\2\\001563.png","outputs":{"object":[{"name":"helmet","bndbox":{"xmin":-3,"ymin":318,"xmax":36,"ymax":366}},{"name":"helmet","bndbox":{"xmin":78,"ymin":291,"xmax":106,"ymax":320}},{"name":"helmet","bndbox":{"xmin":112,"ymin":290,"xmax":148,"ymax":327}},{"name":"helmet","bndbox":{"xmin":468,"ymin":306,"xmax":493,"ymax":332}},{"name":"helmet","bndbox":{"xmin":500,"ymin":306,"xmax":536,"ymax":332}},{"name":"helmet","bndbox":{"xmin":560,"ymin":301,"xmax":576,"ymax":323}},{"name":"helmet","bndbox":{"xmin":564,"ymin":312,"xmax":568,"ymax":312}},{"name":"helmet","bndbox":{"xmin":572,"ymin":314,"xmax":612,"ymax":342}},{"name":"helmet","bndbox":{"xmin":677,"ymin":306,"xmax":716,"ymax":342}},{"name":"helmet","bndbox":{"xmin":848,"ymin":312,"xmax":868,"ymax":341}},{"name":"helmet","bndbox":{"xmin":856,"ymin":327,"xmax":862,"ymax":330}},{"name":"helmet","bndbox":{"xmin":814,"ymin":310,"xmax":830,"ymax":331}},{"name":"electrombile","bndbox":{"xmin":812,"ymin":346,"xmax":900,"ymax":451}},{"name":"electrombile","bndbox":{"xmin":648,"ymin":362,"xmax":781,"ymax":490}},{"name":"electrombile","bndbox":{"xmin":526,"ymin":370,"xmax":636,"ymax":474}},{"name":"electrombile","bndbox":{"xmin":37,"ymin":327,"xmax":144,"ymax":416}}]},"time_labeled":1563128683586,"labeled":true,"size":{"width":960,"height":544,"depth":3}}