{"path":"F:\\2\\001546.png","outputs":{"object":[{"name":"helmet","bndbox":{"xmin":587,"ymin":276,"xmax":679,"ymax":340}},{"name":"helmet","bndbox":{"xmin":57,"ymin":226,"xmax":108,"ymax":266}},{"name":"helmet","bndbox":{"xmin":690,"ymin":212,"xmax":722,"ymax":238}},{"name":"helmet","bndbox":{"xmin":809,"ymin":214,"xmax":852,"ymax":258}},{"name":"electrombile","bndbox":{"xmin":756,"ymin":260,"xmax":916,"ymax":370}},{"name":"electrombile","bndbox":{"xmin":678,"ymin":258,"xmax":748,"ymax":332}},{"name":"electrombile","bndbox":{"xmin":468,"ymin":414,"xmax":781,"ymax":546}},{"name":"electrombile","bndbox":{"xmin":-3,"ymin":270,"xmax":209,"ymax":442}},{"name":"electrombile","bndbox":{"xmin":874,"ymin":310,"xmax":952,"ymax":528}},{"name":"helmet","bndbox":{"xmin":32,"ymin":224,"xmax":48,"ymax":249}}]},"time_labeled":1563128006186,"labeled":true,"size":{"width":960,"height":544,"depth":3}}