{"path":"F:\\2\\001590.png","outputs":{"object":[{"name":"helmet","bndbox":{"xmin":128,"ymin":291,"xmax":156,"ymax":312}},{"name":"helmet","bndbox":{"xmin":160,"ymin":294,"xmax":182,"ymax":318}},{"name":"helmet","bndbox":{"xmin":325,"ymin":286,"xmax":345,"ymax":307}},{"name":"helmet","bndbox":{"xmin":350,"ymin":288,"xmax":368,"ymax":310}},{"name":"helmet","bndbox":{"xmin":452,"ymin":288,"xmax":472,"ymax":306}},{"name":"helmet","bndbox":{"xmin":557,"ymin":282,"xmax":584,"ymax":304}},{"name":"helmet","bndbox":{"xmin":640,"ymin":286,"xmax":657,"ymax":300}},{"name":"helmet","bndbox":{"xmin":776,"ymin":282,"xmax":794,"ymax":304}},{"name":"helmet","bndbox":{"xmin":693,"ymin":286,"xmax":705,"ymax":306}},{"name":"helmet","bndbox":{"xmin":825,"ymin":276,"xmax":844,"ymax":302}},{"name":"helmet","bndbox":{"xmin":908,"ymin":274,"xmax":930,"ymax":294}},{"name":"electrombile","bndbox":{"xmin":872,"ymin":294,"xmax":948,"ymax":350}},{"name":"electrombile","bndbox":{"xmin":792,"ymin":302,"xmax":868,"ymax":358}},{"name":"electrombile","bndbox":{"xmin":761,"ymin":296,"xmax":801,"ymax":340}},{"name":"electrombile","bndbox":{"xmin":673,"ymin":302,"xmax":748,"ymax":346}},{"name":"electrombile","bndbox":{"xmin":612,"ymin":302,"xmax":690,"ymax":362}},{"name":"electrombile","bndbox":{"xmin":549,"ymin":308,"xmax":617,"ymax":362}},{"name":"electrombile","bndbox":{"xmin":412,"ymin":310,"xmax":500,"ymax":369}},{"name":"electrombile","bndbox":{"xmin":284,"ymin":312,"xmax":364,"ymax":366}},{"name":"electrombile","bndbox":{"xmin":90,"ymin":314,"xmax":185,"ymax":374}}]},"time_labeled":1563129610421,"labeled":true,"size":{"width":960,"height":544,"depth":3}}