{"path":"F:\\2\\001565.png","outputs":{"object":[{"name":"helmet","bndbox":{"xmin":86,"ymin":352,"xmax":148,"ymax":402}},{"name":"helmet","bndbox":{"xmin":184,"ymin":311,"xmax":224,"ymax":346}},{"name":"helmet","bndbox":{"xmin":86,"ymin":298,"xmax":104,"ymax":334}},{"name":"helmet","bndbox":{"xmin":48,"ymin":334,"xmax":102,"ymax":375}},{"name":"helmet","bndbox":{"xmin":281,"ymin":314,"xmax":312,"ymax":346}},{"name":"helmet","bndbox":{"xmin":400,"ymin":310,"xmax":448,"ymax":354}},{"name":"helmet","bndbox":{"xmin":477,"ymin":294,"xmax":496,"ymax":318}},{"name":"helmet","bndbox":{"xmin":501,"ymin":298,"xmax":520,"ymax":319}},{"name":"helmet","bndbox":{"xmin":542,"ymin":296,"xmax":564,"ymax":326}},{"name":"helmet","bndbox":{"xmin":566,"ymin":298,"xmax":588,"ymax":326}},{"name":"helmet","bndbox":{"xmin":592,"ymin":296,"xmax":617,"ymax":334}},{"name":"helmet","bndbox":{"xmin":670,"ymin":311,"xmax":720,"ymax":366}},{"name":"helmet","bndbox":{"xmin":888,"ymin":302,"xmax":917,"ymax":350}},{"name":"electrombile","bndbox":{"xmin":840,"ymin":338,"xmax":965,"ymax":518}},{"name":"electrombile","bndbox":{"xmin":617,"ymin":366,"xmax":776,"ymax":524}},{"name":"electrombile","bndbox":{"xmin":528,"ymin":331,"xmax":620,"ymax":423}},{"name":"electrombile","bndbox":{"xmin":328,"ymin":386,"xmax":524,"ymax":542}}]},"time_labeled":1563128757829,"labeled":true,"size":{"width":960,"height":544,"depth":3}}