{"path":"F:\\2\\001559.png","outputs":{"object":[{"name":"electrombile","bndbox":{"xmin":136,"ymin":322,"xmax":334,"ymax":478}},{"name":"electrombile","bndbox":{"xmin":365,"ymin":338,"xmax":513,"ymax":486}},{"name":"electrombile","bndbox":{"xmin":548,"ymin":328,"xmax":669,"ymax":454}},{"name":"electrombile","bndbox":{"xmin":629,"ymin":394,"xmax":786,"ymax":542}},{"name":"electrombile","bndbox":{"xmin":756,"ymin":348,"xmax":908,"ymax":464}},{"name":"electrombile","bndbox":{"xmin":506,"ymin":292,"xmax":545,"ymax":330}},{"name":"electrombile","bndbox":{"xmin":466,"ymin":294,"xmax":502,"ymax":330}},{"name":"electrombile","bndbox":{"xmin":245,"ymin":290,"xmax":276,"ymax":326}},{"name":"electrombile","bndbox":{"xmin":1,"ymin":326,"xmax":80,"ymax":462}},{"name":"helmet","bndbox":{"xmin":404,"ymin":290,"xmax":460,"ymax":330}},{"name":"helmet","bndbox":{"xmin":685,"ymin":274,"xmax":728,"ymax":326}},{"name":"helmet","bndbox":{"xmin":792,"ymin":276,"xmax":836,"ymax":312}},{"name":"helmet","bndbox":{"xmin":382,"ymin":275,"xmax":400,"ymax":286}}]},"time_labeled":1563128516160,"labeled":true,"size":{"width":960,"height":544,"depth":3}}