{"path":"F:\\2\\001512.png","outputs":{"object":[{"name":"electrombile","bndbox":{"xmin":33,"ymin":226,"xmax":106,"ymax":271}},{"name":"helmet","bndbox":{"xmin":564,"ymin":218,"xmax":632,"ymax":282}},{"name":"helmet","bndbox":{"xmin":640,"ymin":218,"xmax":708,"ymax":288}},{"name":"helmet","bndbox":{"xmin":837,"ymin":200,"xmax":896,"ymax":250}},{"name":"helmet","bndbox":{"xmin":296,"ymin":206,"xmax":352,"ymax":256}},{"name":"helmet","bndbox":{"xmin":208,"ymin":278,"xmax":464,"ymax":422}},{"name":"electrombile","bndbox":{"xmin":533,"ymin":346,"xmax":829,"ymax":518}}]},"time_labeled":1563126104785,"labeled":true,"size":{"width":960,"height":544,"depth":3}}