{"path":"F:\\2\\001515.png","outputs":{"object":[{"name":"electrombile","bndbox":{"xmin":341,"ymin":298,"xmax":653,"ymax":448}},{"name":"electrombile","bndbox":{"xmin":709,"ymin":188,"xmax":764,"ymax":231}},{"name":"helmet","bndbox":{"xmin":880,"ymin":192,"xmax":946,"ymax":254}},{"name":"helmet","bndbox":{"xmin":681,"ymin":255,"xmax":774,"ymax":334}},{"name":"helmet","bndbox":{"xmin":44,"ymin":226,"xmax":85,"ymax":262}},{"name":"helmet","bndbox":{"xmin":9,"ymin":270,"xmax":141,"ymax":358}},{"name":"electrombile","bndbox":{"xmin":566,"ymin":378,"xmax":936,"ymax":547}}]},"time_labeled":1563126244236,"labeled":true,"size":{"width":960,"height":544,"depth":3}}