{"path":"F:\\2\\001508.png","outputs":{"object":[{"name":"electrombile","bndbox":{"xmin":600,"ymin":286,"xmax":898,"ymax":494}},{"name":"electrombile","bndbox":{"xmin":684,"ymin":182,"xmax":788,"ymax":242}},{"name":"helmet","bndbox":{"xmin":854,"ymin":138,"xmax":944,"ymax":200}},{"name":"helmet","bndbox":{"xmin":42,"ymin":187,"xmax":106,"ymax":250}},{"name":"helmet","bndbox":{"xmin":216,"ymin":163,"xmax":310,"ymax":222}},{"name":"helmet","bndbox":{"xmin":12,"ymin":246,"xmax":236,"ymax":450}}]},"time_labeled":1563125953626,"labeled":true,"size":{"width":960,"height":544,"depth":3}}