{"path":"F:\\2\\001541.png","outputs":{"object":[{"name":"electrombile","bndbox":{"xmin":801,"ymin":322,"xmax":958,"ymax":450}},{"name":"helmet","bndbox":{"xmin":870,"ymin":266,"xmax":924,"ymax":314}},{"name":"helmet","bndbox":{"xmin":84,"ymin":274,"xmax":113,"ymax":302}},{"name":"helmet","bndbox":{"xmin":20,"ymin":282,"xmax":36,"ymax":304}},{"name":"electrombile","bndbox":{"xmin":14,"ymin":322,"xmax":156,"ymax":415}}]},"time_labeled":1563127793074,"labeled":true,"size":{"width":960,"height":544,"depth":3}}