{"path":"F:\\2\\001556.png","outputs":{"object":[{"name":"helmet","bndbox":{"xmin":89,"ymin":246,"xmax":176,"ymax":314}},{"name":"helmet","bndbox":{"xmin":574,"ymin":244,"xmax":665,"ymax":287}},{"name":"helmet","bndbox":{"xmin":832,"ymin":243,"xmax":900,"ymax":286}},{"name":"helmet","bndbox":{"xmin":180,"ymin":214,"xmax":209,"ymax":232}},{"name":"helmet","bndbox":{"xmin":464,"ymin":219,"xmax":480,"ymax":236}},{"name":"electrombile","bndbox":{"xmin":754,"ymin":334,"xmax":961,"ymax":520}},{"name":"electrombile","bndbox":{"xmin":382,"ymin":242,"xmax":416,"ymax":282}},{"name":"electrombile","bndbox":{"xmin":181,"ymin":244,"xmax":225,"ymax":302}},{"name":"electrombile","bndbox":{"xmin":232,"ymin":234,"xmax":260,"ymax":268}},{"name":"electrombile","bndbox":{"xmin":268,"ymin":242,"xmax":294,"ymax":274}},{"name":"electrombile","bndbox":{"xmin":492,"ymin":246,"xmax":528,"ymax":288}},{"name":"electrombile","bndbox":{"xmin":537,"ymin":312,"xmax":748,"ymax":543}}]},"time_labeled":1563128406839,"labeled":true,"size":{"width":960,"height":544,"depth":3}}