{"path":"F:\\2\\001543.png","outputs":{"object":[{"name":"helmet","bndbox":{"xmin":713,"ymin":266,"xmax":836,"ymax":354}},{"name":"helmet","bndbox":{"xmin":508,"ymin":226,"xmax":532,"ymax":251}},{"name":"electrombile","bndbox":{"xmin":496,"ymin":258,"xmax":552,"ymax":318}},{"name":"electrombile","bndbox":{"xmin":158,"ymin":254,"xmax":220,"ymax":303}},{"name":"electrombile","bndbox":{"xmin":414,"ymin":254,"xmax":469,"ymax":295}},{"name":"electrombile","bndbox":{"xmin":96,"ymin":254,"xmax":136,"ymax":298}},{"name":"electrombile","bndbox":{"xmin":0,"ymin":254,"xmax":22,"ymax":284}},{"name":"electrombile","bndbox":{"xmin":24,"ymin":252,"xmax":54,"ymax":282}},{"name":"helmet","bndbox":{"xmin":108,"ymin":230,"xmax":126,"ymax":242}}]},"time_labeled":1563127886602,"labeled":true,"size":{"width":960,"height":544,"depth":3}}