{"path":"F:\\2\\001568.png","outputs":{"object":[{"name":"helmet","bndbox":{"xmin":325,"ymin":307,"xmax":424,"ymax":390}},{"name":"helmet","bndbox":{"xmin":102,"ymin":314,"xmax":148,"ymax":360}},{"name":"helmet","bndbox":{"xmin":68,"ymin":295,"xmax":102,"ymax":334}},{"name":"helmet","bndbox":{"xmin":-5,"ymin":286,"xmax":32,"ymax":330}},{"name":"helmet","bndbox":{"xmin":106,"ymin":275,"xmax":144,"ymax":306}},{"name":"helmet","bndbox":{"xmin":140,"ymin":290,"xmax":168,"ymax":322}},{"name":"helmet","bndbox":{"xmin":216,"ymin":288,"xmax":254,"ymax":316}},{"name":"helmet","bndbox":{"xmin":312,"ymin":290,"xmax":344,"ymax":318}},{"name":"helmet","bndbox":{"xmin":444,"ymin":302,"xmax":474,"ymax":331}},{"name":"helmet","bndbox":{"xmin":497,"ymin":298,"xmax":516,"ymax":322}},{"name":"helmet","bndbox":{"xmin":537,"ymin":304,"xmax":576,"ymax":343}},{"name":"helmet","bndbox":{"xmin":748,"ymin":324,"xmax":774,"ymax":346}},{"name":"electrombile","bndbox":{"xmin":716,"ymin":350,"xmax":812,"ymax":483}},{"name":"electrombile","bndbox":{"xmin":476,"ymin":370,"xmax":640,"ymax":478}},{"name":"electrombile","bndbox":{"xmin":25,"ymin":406,"xmax":248,"ymax":539}},{"name":"helmet","bndbox":{"xmin":664,"ymin":294,"xmax":689,"ymax":326}}]},"time_labeled":1563128876322,"labeled":true,"size":{"width":960,"height":544,"depth":3}}