{"path":"F:\\2\\001531.png","outputs":{"object":[{"name":"electrombile","bndbox":{"xmin":248,"ymin":358,"xmax":496,"ymax":494}},{"name":"electrombile","bndbox":{"xmin":604,"ymin":358,"xmax":858,"ymax":496}},{"name":"helmet","bndbox":{"xmin":334,"ymin":286,"xmax":374,"ymax":332}},{"name":"helmet","bndbox":{"xmin":501,"ymin":276,"xmax":544,"ymax":304}},{"name":"helmet","bndbox":{"xmin":548,"ymin":278,"xmax":588,"ymax":318}},{"name":"helmet","bndbox":{"xmin":828,"ymin":278,"xmax":880,"ymax":318}},{"name":"helmet","bndbox":{"xmin":876,"ymin":262,"xmax":912,"ymax":300}}]},"time_labeled":1563127423747,"labeled":true,"size":{"width":960,"height":544,"depth":3}}