{"path":"F:\\2\\001573.png","outputs":{"object":[{"name":"helmet","bndbox":{"xmin":452,"ymin":278,"xmax":516,"ymax":342}},{"name":"electrombile","bndbox":{"xmin":406,"ymin":418,"xmax":634,"ymax":542}},{"name":"electrombile","bndbox":{"xmin":8,"ymin":316,"xmax":128,"ymax":422}},{"name":"electrombile","bndbox":{"xmin":304,"ymin":298,"xmax":380,"ymax":370}},{"name":"helmet","bndbox":{"xmin":253,"ymin":266,"xmax":288,"ymax":291}},{"name":"helmet","bndbox":{"xmin":312,"ymin":262,"xmax":348,"ymax":288}},{"name":"helmet","bndbox":{"xmin":108,"ymin":255,"xmax":136,"ymax":286}},{"name":"helmet","bndbox":{"xmin":60,"ymin":266,"xmax":100,"ymax":298}},{"name":"helmet","bndbox":{"xmin":706,"ymin":280,"xmax":744,"ymax":306}},{"name":"helmet","bndbox":{"xmin":752,"ymin":271,"xmax":764,"ymax":298}},{"name":"helmet","bndbox":{"xmin":524,"ymin":270,"xmax":544,"ymax":290}}]},"time_labeled":1563129132154,"labeled":true,"size":{"width":960,"height":544,"depth":3}}