{"path":"F:\\2\\001595.png","outputs":{"object":[{"name":"electrombile","bndbox":{"xmin":508,"ymin":318,"xmax":684,"ymax":454}},{"name":"electrombile","bndbox":{"xmin":268,"ymin":330,"xmax":440,"ymax":440}},{"name":"electrombile","bndbox":{"xmin":20,"ymin":348,"xmax":250,"ymax":482}},{"name":"helmet","bndbox":{"xmin":116,"ymin":288,"xmax":157,"ymax":326}},{"name":"helmet","bndbox":{"xmin":580,"ymin":276,"xmax":632,"ymax":310}},{"name":"helmet","bndbox":{"xmin":304,"ymin":282,"xmax":346,"ymax":315}}]},"time_labeled":1563129822239,"labeled":true,"size":{"width":960,"height":544,"depth":3}}