{"path":"F:\\2\\001588.png","outputs":{"object":[{"name":"electrombile","bndbox":{"xmin":104,"ymin":315,"xmax":208,"ymax":378}},{"name":"electrombile","bndbox":{"xmin":48,"ymin":286,"xmax":84,"ymax":334}},{"name":"helmet","bndbox":{"xmin":129,"ymin":255,"xmax":164,"ymax":284}},{"name":"helmet","bndbox":{"xmin":749,"ymin":286,"xmax":769,"ymax":306}},{"name":"electrombile","bndbox":{"xmin":740,"ymin":298,"xmax":788,"ymax":366}},{"name":"electrombile","bndbox":{"xmin":232,"ymin":295,"xmax":261,"ymax":339}}]},"time_labeled":1563129521088,"labeled":true,"size":{"width":960,"height":544,"depth":3}}