{"path":"F:\\2\\001536.png","outputs":{"object":[{"name":"person","bndbox":{"xmin":376,"ymin":390,"xmax":528,"ymax":550}},{"name":"helmet","bndbox":{"xmin":17,"ymin":342,"xmax":56,"ymax":382}},{"name":"entirey","bndbox":{"xmin":592,"ymin":350,"xmax":632,"ymax":419}},{"name":"entirey","bndbox":{"xmin":525,"ymin":340,"xmax":568,"ymax":414}},{"name":"entirey","bndbox":{"xmin":305,"ymin":356,"xmax":342,"ymax":422}}]},"time_labeled":1563127642898,"labeled":true,"size":{"width":960,"height":544,"depth":3}}