{"path":"F:\\2\\001567.png","outputs":{"object":[{"name":"electrombile","bndbox":{"xmin":364,"ymin":378,"xmax":521,"ymax":522}},{"name":"electrombile","bndbox":{"xmin":704,"ymin":380,"xmax":833,"ymax":490}},{"name":"electrombile","bndbox":{"xmin":821,"ymin":346,"xmax":882,"ymax":411}},{"name":"electrombile","bndbox":{"xmin":2,"ymin":398,"xmax":350,"ymax":563}},{"name":"helmet","bndbox":{"xmin":32,"ymin":290,"xmax":58,"ymax":310}},{"name":"helmet","bndbox":{"xmin":65,"ymin":302,"xmax":97,"ymax":343}},{"name":"helmet","bndbox":{"xmin":128,"ymin":299,"xmax":160,"ymax":333}},{"name":"helmet","bndbox":{"xmin":160,"ymin":338,"xmax":232,"ymax":386}},{"name":"helmet","bndbox":{"xmin":249,"ymin":310,"xmax":288,"ymax":346}},{"name":"helmet","bndbox":{"xmin":428,"ymin":318,"xmax":461,"ymax":368}},{"name":"helmet","bndbox":{"xmin":932,"ymin":316,"xmax":960,"ymax":354}}]},"time_labeled":1563128833985,"labeled":true,"size":{"width":960,"height":544,"depth":3}}