{"path":"F:\\2\\001523.png","outputs":{"object":[{"name":"electrombile","bndbox":{"xmin":184,"ymin":336,"xmax":401,"ymax":482}},{"name":"helmet","bndbox":{"xmin":248,"ymin":272,"xmax":305,"ymax":308}},{"name":"electrombile","bndbox":{"xmin":468,"ymin":342,"xmax":712,"ymax":468}},{"name":"helmet","bndbox":{"xmin":428,"ymin":264,"xmax":468,"ymax":311}},{"name":"helmet","bndbox":{"xmin":536,"ymin":264,"xmax":578,"ymax":308}},{"name":"helmet","bndbox":{"xmin":748,"ymin":254,"xmax":781,"ymax":306}},{"name":"helmet","bndbox":{"xmin":800,"ymin":262,"xmax":852,"ymax":308}},{"name":"helmet","bndbox":{"xmin":900,"ymin":283,"xmax":952,"ymax":338}},{"name":"helmet","bndbox":{"xmin":676,"ymin":260,"xmax":721,"ymax":302}}]},"time_labeled":1563126996113,"labeled":true,"size":{"width":960,"height":544,"depth":3}}