{"path":"F:\\2\\001579.png","outputs":{"object":[{"name":"electrombile","bndbox":{"xmin":409,"ymin":200,"xmax":556,"ymax":316}},{"name":"electrombile","bndbox":{"xmin":588,"ymin":202,"xmax":717,"ymax":326}},{"name":"electrombile","bndbox":{"xmin":720,"ymin":208,"xmax":842,"ymax":322}},{"name":"electrombile","bndbox":{"xmin":864,"ymin":184,"xmax":952,"ymax":300}},{"name":"helmet","bndbox":{"xmin":757,"ymin":144,"xmax":814,"ymax":182}},{"name":"helmet","bndbox":{"xmin":644,"ymin":158,"xmax":673,"ymax":195}},{"name":"helmet","bndbox":{"xmin":464,"ymin":142,"xmax":529,"ymax":196}}]},"time_labeled":1563129299986,"labeled":true,"size":{"width":960,"height":544,"depth":3}}