{"path":"F:\\2\\001522.png","outputs":{"object":[{"name":"electrombile","bndbox":{"xmin":104,"ymin":370,"xmax":401,"ymax":546}},{"name":"electrombile","bndbox":{"xmin":16,"ymin":330,"xmax":182,"ymax":438}},{"name":"helmet","bndbox":{"xmin":54,"ymin":267,"xmax":104,"ymax":310}},{"name":"helmet","bndbox":{"xmin":190,"ymin":292,"xmax":246,"ymax":350}},{"name":"helmet","bndbox":{"xmin":256,"ymin":276,"xmax":294,"ymax":322}},{"name":"helmet","bndbox":{"xmin":392,"ymin":275,"xmax":422,"ymax":312}},{"name":"electrombile","bndbox":{"xmin":464,"ymin":336,"xmax":718,"ymax":478}},{"name":"helmet","bndbox":{"xmin":717,"ymin":258,"xmax":796,"ymax":310}},{"name":"helmet","bndbox":{"xmin":544,"ymin":271,"xmax":584,"ymax":318}},{"name":"helmet","bndbox":{"xmin":584,"ymin":262,"xmax":624,"ymax":298}},{"name":"helmet","bndbox":{"xmin":800,"ymin":263,"xmax":852,"ymax":318}},{"name":"helmet","bndbox":{"xmin":881,"ymin":266,"xmax":924,"ymax":310}},{"name":"helmet","bndbox":{"xmin":650,"ymin":248,"xmax":686,"ymax":278}}]},"time_labeled":1563126941099,"labeled":true,"size":{"width":960,"height":544,"depth":3}}