{"path":"F:\\2\\001549.png","outputs":{"object":[{"name":"helmet","bndbox":{"xmin":357,"ymin":341,"xmax":420,"ymax":417}},{"name":"helmet","bndbox":{"xmin":676,"ymin":326,"xmax":764,"ymax":396}},{"name":"helmet","bndbox":{"xmin":629,"ymin":286,"xmax":674,"ymax":314}},{"name":"helmet","bndbox":{"xmin":428,"ymin":280,"xmax":460,"ymax":318}},{"name":"electrombile","bndbox":{"xmin":230,"ymin":412,"xmax":541,"ymax":554}},{"name":"electrombile","bndbox":{"xmin":557,"ymin":326,"xmax":664,"ymax":450}},{"name":"electrombile","bndbox":{"xmin":352,"ymin":330,"xmax":526,"ymax":414}},{"name":"electrombile","bndbox":{"xmin":212,"ymin":316,"xmax":260,"ymax":354}},{"name":"electrombile","bndbox":{"xmin":28,"ymin":316,"xmax":80,"ymax":350}},{"name":"electrombile","bndbox":{"xmin":304,"ymin":314,"xmax":340,"ymax":352}},{"name":"electrombile","bndbox":{"xmin":604,"ymin":458,"xmax":869,"ymax":546}}]},"time_labeled":1563128119266,"labeled":true,"size":{"width":960,"height":544,"depth":3}}