{"path":"F:\\2\\001558.png","outputs":{"object":[{"name":"helmet","bndbox":{"xmin":153,"ymin":254,"xmax":209,"ymax":299}},{"name":"helmet","bndbox":{"xmin":633,"ymin":232,"xmax":684,"ymax":272}},{"name":"helmet","bndbox":{"xmin":541,"ymin":242,"xmax":590,"ymax":278}},{"name":"electrombile","bndbox":{"xmin":581,"ymin":298,"xmax":784,"ymax":532}},{"name":"electrombile","bndbox":{"xmin":492,"ymin":334,"xmax":608,"ymax":438}},{"name":"electrombile","bndbox":{"xmin":340,"ymin":291,"xmax":482,"ymax":440}},{"name":"electrombile","bndbox":{"xmin":78,"ymin":310,"xmax":288,"ymax":486}},{"name":"electrombile","bndbox":{"xmin":234,"ymin":254,"xmax":260,"ymax":294}},{"name":"electrombile","bndbox":{"xmin":256,"ymin":236,"xmax":281,"ymax":290}},{"name":"electrombile","bndbox":{"xmin":426,"ymin":251,"xmax":460,"ymax":280}},{"name":"electrombile","bndbox":{"xmin":472,"ymin":246,"xmax":512,"ymax":290}}]},"time_labeled":1563128472083,"labeled":true,"size":{"width":960,"height":544,"depth":3}}