{"path":"F:\\2\\001519.png","outputs":{"object":[{"name":"electrombile","bndbox":{"xmin":564,"ymin":236,"xmax":616,"ymax":290}},{"name":"helmet","bndbox":{"xmin":636,"ymin":222,"xmax":688,"ymax":267}},{"name":"helmet","bndbox":{"xmin":738,"ymin":202,"xmax":768,"ymax":238}},{"name":"helmet","bndbox":{"xmin":754,"ymin":224,"xmax":792,"ymax":266}},{"name":"helmet","bndbox":{"xmin":824,"ymin":218,"xmax":892,"ymax":278}},{"name":"helmet","bndbox":{"xmin":916,"ymin":226,"xmax":957,"ymax":304}},{"name":"helmet","bndbox":{"xmin":360,"ymin":238,"xmax":412,"ymax":290}},{"name":"helmet","bndbox":{"xmin":412,"ymin":238,"xmax":468,"ymax":286}},{"name":"helmet","bndbox":{"xmin":457,"ymin":226,"xmax":496,"ymax":270}},{"name":"helmet","bndbox":{"xmin":488,"ymin":254,"xmax":526,"ymax":283}},{"name":"helmet","bndbox":{"xmin":86,"ymin":242,"xmax":133,"ymax":286}},{"name":"helmet","bndbox":{"xmin":477,"ymin":322,"xmax":784,"ymax":494}},{"name":"electrombile","bndbox":{"xmin":100,"ymin":322,"xmax":332,"ymax":456}},{"name":"electrombile","bndbox":{"xmin":305,"ymin":312,"xmax":496,"ymax":474}}]},"time_labeled":1563126683545,"labeled":true,"size":{"width":960,"height":544,"depth":3}}