{"path":"F:\\2\\001516.png","outputs":{"object":[{"name":"electrombile","bndbox":{"xmin":170,"ymin":291,"xmax":550,"ymax":542}},{"name":"electrombile","bndbox":{"xmin":240,"ymin":228,"xmax":344,"ymax":298}},{"name":"helmet","bndbox":{"xmin":494,"ymin":171,"xmax":544,"ymax":206}},{"name":"helmet","bndbox":{"xmin":714,"ymin":180,"xmax":768,"ymax":222}},{"name":"helmet","bndbox":{"xmin":848,"ymin":166,"xmax":912,"ymax":222}},{"name":"helmet","bndbox":{"xmin":918,"ymin":147,"xmax":957,"ymax":190}},{"name":"electrombile","bndbox":{"xmin":353,"ymin":258,"xmax":646,"ymax":410}},{"name":"electrombile","bndbox":{"xmin":606,"ymin":262,"xmax":786,"ymax":410}}]},"time_labeled":1563126347753,"labeled":true,"size":{"width":960,"height":544,"depth":3}}