{"path":"F:\\2\\001521.png","outputs":{"object":[{"name":"electrombile","bndbox":{"xmin":185,"ymin":266,"xmax":244,"ymax":318}},{"name":"helmet","bndbox":{"xmin":556,"ymin":262,"xmax":616,"ymax":319}},{"name":"helmet","bndbox":{"xmin":628,"ymin":251,"xmax":658,"ymax":292}},{"name":"helmet","bndbox":{"xmin":826,"ymin":258,"xmax":884,"ymax":314}},{"name":"helmet","bndbox":{"xmin":908,"ymin":259,"xmax":952,"ymax":328}},{"name":"helmet","bndbox":{"xmin":736,"ymin":299,"xmax":808,"ymax":362}},{"name":"helmet","bndbox":{"xmin":706,"ymin":227,"xmax":748,"ymax":270}},{"name":"helmet","bndbox":{"xmin":373,"ymin":274,"xmax":414,"ymax":316}},{"name":"helmet","bndbox":{"xmin":341,"ymin":242,"xmax":374,"ymax":286}},{"name":"helmet","bndbox":{"xmin":430,"ymin":263,"xmax":477,"ymax":312}},{"name":"helmet","bndbox":{"xmin":94,"ymin":351,"xmax":380,"ymax":527}},{"name":"electrombile","bndbox":{"xmin":656,"ymin":403,"xmax":912,"ymax":526}},{"name":"electrombile","bndbox":{"xmin":305,"ymin":346,"xmax":492,"ymax":490}},{"name":"electrombile","bndbox":{"xmin":474,"ymin":362,"xmax":633,"ymax":534}}]},"time_labeled":1563126803197,"labeled":true,"size":{"width":960,"height":544,"depth":3}}