{"path":"F:\\2\\001580.png","outputs":{"object":[{"name":"helmet","bndbox":{"xmin":608,"ymin":126,"xmax":640,"ymax":167}},{"name":"helmet","bndbox":{"xmin":750,"ymin":126,"xmax":784,"ymax":158}},{"name":"helmet","bndbox":{"xmin":926,"ymin":114,"xmax":954,"ymax":159}},{"name":"electrombile","bndbox":{"xmin":890,"ymin":168,"xmax":976,"ymax":266}},{"name":"electrombile","bndbox":{"xmin":696,"ymin":162,"xmax":848,"ymax":266}},{"name":"electrombile","bndbox":{"xmin":548,"ymin":172,"xmax":680,"ymax":298}}]},"time_labeled":1563129315195,"labeled":true,"size":{"width":960,"height":544,"depth":3}}