{"path":"F:\\2\\001526.png","outputs":{"object":[{"name":"electrombile","bndbox":{"xmin":132,"ymin":370,"xmax":330,"ymax":518}},{"name":"electrombile","bndbox":{"xmin":394,"ymin":368,"xmax":616,"ymax":512}},{"name":"helmet","bndbox":{"xmin":192,"ymin":306,"xmax":244,"ymax":356}},{"name":"helmet","bndbox":{"xmin":468,"ymin":304,"xmax":540,"ymax":346}},{"name":"helmet","bndbox":{"xmin":588,"ymin":272,"xmax":625,"ymax":304}},{"name":"helmet","bndbox":{"xmin":880,"ymin":330,"xmax":960,"ymax":450}},{"name":"helmet","bndbox":{"xmin":710,"ymin":302,"xmax":768,"ymax":362}}]},"time_labeled":1563127170122,"labeled":true,"size":{"width":960,"height":544,"depth":3}}