{"path":"F:\\2\\001694.png","outputs":{"object":[{"name":"electrombile","bndbox":{"xmin":434,"ymin":407,"xmax":544,"ymax":506}},{"name":"electrombile","bndbox":{"xmin":556,"ymin":398,"xmax":706,"ymax":502}},{"name":"electrombile","bndbox":{"xmin":776,"ymin":390,"xmax":946,"ymax":490}},{"name":"electrombile","bndbox":{"xmin":310,"ymin":390,"xmax":372,"ymax":450}},{"name":"electrombile","bndbox":{"xmin":173,"ymin":378,"xmax":240,"ymax":450}},{"name":"electrombile","bndbox":{"xmin":43,"ymin":394,"xmax":136,"ymax":460}},{"name":"helmet","bndbox":{"xmin":413,"ymin":358,"xmax":436,"ymax":396}},{"name":"helmet","bndbox":{"xmin":768,"ymin":358,"xmax":796,"ymax":379}},{"name":"helmet","bndbox":{"xmin":836,"ymin":343,"xmax":868,"ymax":378}},{"name":"helmet","bndbox":{"xmin":928,"ymin":342,"xmax":953,"ymax":383}},{"name":"helmet","bndbox":{"xmin":472,"ymin":352,"xmax":508,"ymax":390}},{"name":"helmet","bndbox":{"xmin":328,"ymin":354,"xmax":348,"ymax":386}},{"name":"helmet","bndbox":{"xmin":352,"ymin":354,"xmax":370,"ymax":388}},{"name":"helmet","bndbox":{"xmin":72,"ymin":355,"xmax":100,"ymax":386}}]},"time_labeled":1563131336280,"labeled":true,"size":{"width":960,"height":544,"depth":3}}