{"path":"F:\\2\\001610.png","outputs":{"object":[{"name":"electrombile","bndbox":{"xmin":-3,"ymin":354,"xmax":208,"ymax":543}},{"name":"electrombile","bndbox":{"xmin":197,"ymin":212,"xmax":240,"ymax":259}},{"name":"electrombile","bndbox":{"xmin":277,"ymin":215,"xmax":324,"ymax":258}},{"name":"helmet","bndbox":{"xmin":8,"ymin":231,"xmax":93,"ymax":299}},{"name":"helmet","bndbox":{"xmin":913,"ymin":180,"xmax":948,"ymax":210}}]},"time_labeled":1563130061399,"labeled":true,"size":{"width":960,"height":544,"depth":3}}