{"path":"F:\\2\\001615.png","outputs":{"object":[{"name":"electrombile","bndbox":{"xmin":612,"ymin":344,"xmax":953,"ymax":540}},{"name":"electrombile","bndbox":{"xmin":286,"ymin":371,"xmax":590,"ymax":550}},{"name":"electrombile","bndbox":{"xmin":180,"ymin":328,"xmax":368,"ymax":486}},{"name":"helmet","bndbox":{"xmin":-10,"ymin":258,"xmax":48,"ymax":302}},{"name":"helmet","bndbox":{"xmin":244,"ymin":224,"xmax":316,"ymax":300}},{"name":"helmet","bndbox":{"xmin":157,"ymin":243,"xmax":196,"ymax":288}},{"name":"entirey","bndbox":{"xmin":586,"ymin":250,"xmax":948,"ymax":535}}]},"time_labeled":1563130167080,"labeled":true,"size":{"width":960,"height":544,"depth":3}}