{"path":"F:\\2\\001669.png","outputs":{"object":[{"name":"helmet","bndbox":{"xmin":52,"ymin":270,"xmax":186,"ymax":390}},{"name":"helmet","bndbox":{"xmin":416,"ymin":230,"xmax":460,"ymax":259}},{"name":"helmet","bndbox":{"xmin":280,"ymin":242,"xmax":312,"ymax":268}},{"name":"helmet","bndbox":{"xmin":165,"ymin":246,"xmax":244,"ymax":295}},{"name":"electrombile","bndbox":{"xmin":360,"ymin":272,"xmax":492,"ymax":343}},{"name":"electrombile","bndbox":{"xmin":242,"ymin":266,"xmax":350,"ymax":342}}]},"time_labeled":1563131008573,"labeled":true,"size":{"width":960,"height":544,"depth":3}}