{"path":"F:\\2\\001698.png","outputs":{"object":[{"name":"electrombile","bndbox":{"xmin":632,"ymin":422,"xmax":862,"ymax":538}},{"name":"electrombile","bndbox":{"xmin":-3,"ymin":442,"xmax":117,"ymax":535}},{"name":"helmet","bndbox":{"xmin":2,"ymin":378,"xmax":80,"ymax":431}},{"name":"helmet","bndbox":{"xmin":645,"ymin":343,"xmax":700,"ymax":390}},{"name":"helmet","bndbox":{"xmin":710,"ymin":349,"xmax":758,"ymax":409}},{"name":"helmet","bndbox":{"xmin":905,"ymin":344,"xmax":942,"ymax":390}}]},"time_labeled":1563131426839,"labeled":true,"size":{"width":960,"height":544,"depth":3}}