{"path":"F:\\2\\001637.png","outputs":{"object":[{"name":"helmet","bndbox":{"xmin":360,"ymin":259,"xmax":433,"ymax":314}},{"name":"electrombile","bndbox":{"xmin":156,"ymin":278,"xmax":272,"ymax":363}},{"name":"electrombile","bndbox":{"xmin":286,"ymin":302,"xmax":558,"ymax":496}},{"name":"entirey","bndbox":{"xmin":282,"ymin":218,"xmax":557,"ymax":502}},{"name":"entirey","bndbox":{"xmin":157,"ymin":242,"xmax":289,"ymax":366}}]},"time_labeled":1563130631775,"labeled":true,"size":{"width":960,"height":544,"depth":3}}