{"path":"F:\\2\\001661.png","outputs":{"object":[{"name":"electrombile","bndbox":{"xmin":402,"ymin":248,"xmax":556,"ymax":338}},{"name":"electrombile","bndbox":{"xmin":297,"ymin":246,"xmax":404,"ymax":322}},{"name":"electrombile","bndbox":{"xmin":124,"ymin":240,"xmax":260,"ymax":322}},{"name":"helmet","bndbox":{"xmin":184,"ymin":206,"xmax":229,"ymax":242}},{"name":"helmet","bndbox":{"xmin":344,"ymin":210,"xmax":380,"ymax":238}},{"name":"helmet","bndbox":{"xmin":468,"ymin":215,"xmax":497,"ymax":240}}]},"time_labeled":1563130873808,"labeled":true,"size":{"width":960,"height":544,"depth":3}}