{"path":"F:\\2\\001611.png","outputs":{"object":[{"name":"helmet","bndbox":{"xmin":536,"ymin":182,"xmax":577,"ymax":215}},{"name":"electrombile","bndbox":{"xmin":197,"ymin":222,"xmax":252,"ymax":263}},{"name":"electrombile","bndbox":{"xmin":272,"ymin":224,"xmax":329,"ymax":262}},{"name":"electrombile","bndbox":{"xmin":12,"ymin":216,"xmax":52,"ymax":268}},{"name":"electrombile","bndbox":{"xmin":725,"ymin":219,"xmax":792,"ymax":299}}]},"time_labeled":1563130080064,"labeled":true,"size":{"width":960,"height":544,"depth":3}}