{"path":"F:\\2\\001664.png","outputs":{"object":[{"name":"electrombile","bndbox":{"xmin":118,"ymin":292,"xmax":242,"ymax":390}},{"name":"electrombile","bndbox":{"xmin":260,"ymin":293,"xmax":388,"ymax":386}},{"name":"electrombile","bndbox":{"xmin":620,"ymin":318,"xmax":852,"ymax":434}},{"name":"helmet","bndbox":{"xmin":324,"ymin":262,"xmax":364,"ymax":298}},{"name":"helmet","bndbox":{"xmin":700,"ymin":264,"xmax":748,"ymax":306}},{"name":"helmet","bndbox":{"xmin":377,"ymin":258,"xmax":424,"ymax":287}}]},"time_labeled":1563130937197,"labeled":true,"size":{"width":960,"height":544,"depth":3}}