{"path":"F:\\2\\001625.png","outputs":{"object":[{"name":"helmet","bndbox":{"xmin":648,"ymin":260,"xmax":748,"ymax":354}},{"name":"helmet","bndbox":{"xmin":176,"ymin":280,"xmax":212,"ymax":318}},{"name":"helmet","bndbox":{"xmin":204,"ymin":288,"xmax":256,"ymax":315}},{"name":"helmet","bndbox":{"xmin":868,"ymin":250,"xmax":901,"ymax":286}},{"name":"electrombile","bndbox":{"xmin":832,"ymin":290,"xmax":949,"ymax":406}},{"name":"electrombile","bndbox":{"xmin":142,"ymin":346,"xmax":316,"ymax":482}}]},"time_labeled":1563130473104,"labeled":true,"size":{"width":960,"height":544,"depth":3}}