{"path":"F:\\2\\001624.png","outputs":{"object":[{"name":"helmet","bndbox":{"xmin":766,"ymin":294,"xmax":836,"ymax":370}},{"name":"helmet","bndbox":{"xmin":597,"ymin":298,"xmax":640,"ymax":330}},{"name":"electrombile","bndbox":{"xmin":516,"ymin":338,"xmax":577,"ymax":430}},{"name":"electrombile","bndbox":{"xmin":456,"ymin":343,"xmax":516,"ymax":418}},{"name":"electrombile","bndbox":{"xmin":116,"ymin":347,"xmax":189,"ymax":406}},{"name":"electrombile","bndbox":{"xmin":684,"ymin":328,"xmax":736,"ymax":394}}]},"time_labeled":1563130450498,"labeled":true,"size":{"width":960,"height":544,"depth":3}}