{"path":"F:\\2\\001674.png","outputs":{"object":[{"name":"helmet","bndbox":{"xmin":450,"ymin":235,"xmax":501,"ymax":298}},{"name":"helmet","bndbox":{"xmin":502,"ymin":251,"xmax":554,"ymax":290}},{"name":"helmet","bndbox":{"xmin":76,"ymin":242,"xmax":140,"ymax":283}},{"name":"electrombile","bndbox":{"xmin":0,"ymin":284,"xmax":208,"ymax":390}},{"name":"electrombile","bndbox":{"xmin":409,"ymin":286,"xmax":690,"ymax":454}}]},"time_labeled":1563131062357,"labeled":true,"size":{"width":960,"height":544,"depth":3}}