{"path":"F:\\2\\001622.png","outputs":{"object":[{"name":"helmet","bndbox":{"xmin":480,"ymin":270,"xmax":513,"ymax":322}},{"name":"helmet","bndbox":{"xmin":544,"ymin":272,"xmax":569,"ymax":312}},{"name":"helmet","bndbox":{"xmin":728,"ymin":296,"xmax":784,"ymax":334}},{"name":"helmet","bndbox":{"xmin":910,"ymin":319,"xmax":965,"ymax":390}},{"name":"helmet","bndbox":{"xmin":716,"ymin":274,"xmax":744,"ymax":303}},{"name":"helmet","bndbox":{"xmin":289,"ymin":294,"xmax":336,"ymax":327}},{"name":"electrombile","bndbox":{"xmin":226,"ymin":346,"xmax":408,"ymax":471}},{"name":"electrombile","bndbox":{"xmin":684,"ymin":339,"xmax":830,"ymax":472}},{"name":"electrombile","bndbox":{"xmin":402,"ymin":335,"xmax":600,"ymax":492}}]},"time_labeled":1563130394727,"labeled":true,"size":{"width":960,"height":544,"depth":3}}