{"path":"F:\\2\\001617.png","outputs":{"object":[{"name":"helmet","bndbox":{"xmin":84,"ymin":278,"xmax":120,"ymax":312}},{"name":"helmet","bndbox":{"xmin":228,"ymin":258,"xmax":266,"ymax":303}},{"name":"helmet","bndbox":{"xmin":148,"ymin":262,"xmax":184,"ymax":318}},{"name":"helmet","bndbox":{"xmin":268,"ymin":279,"xmax":309,"ymax":323}},{"name":"helmet","bndbox":{"xmin":332,"ymin":272,"xmax":372,"ymax":310}},{"name":"helmet","bndbox":{"xmin":621,"ymin":270,"xmax":652,"ymax":319}},{"name":"helmet","bndbox":{"xmin":794,"ymin":230,"xmax":830,"ymax":284}},{"name":"person","bndbox":{"xmin":708,"ymin":258,"xmax":820,"ymax":546}},{"name":"electrombile","bndbox":{"xmin":734,"ymin":330,"xmax":908,"ymax":470}},{"name":"electrombile","bndbox":{"xmin":580,"ymin":326,"xmax":712,"ymax":458}},{"name":"electrombile","bndbox":{"xmin":420,"ymin":322,"xmax":552,"ymax":432}},{"name":"electrombile","bndbox":{"xmin":228,"ymin":346,"xmax":396,"ymax":514}}]},"time_labeled":1563130231815,"labeled":true,"size":{"width":960,"height":544,"depth":3}}