{"path":"F:\\2\\001608.png","outputs":{"object":[{"name":"electrombile","bndbox":{"xmin":509,"ymin":242,"xmax":672,"ymax":398}},{"name":"helmet","bndbox":{"xmin":568,"ymin":178,"xmax":628,"ymax":226}},{"name":"helmet","bndbox":{"xmin":533,"ymin":166,"xmax":573,"ymax":200}},{"name":"electrombile","bndbox":{"xmin":97,"ymin":195,"xmax":153,"ymax":238}},{"name":"electrombile","bndbox":{"xmin":442,"ymin":214,"xmax":564,"ymax":302}},{"name":"electrombile","bndbox":{"xmin":240,"ymin":204,"xmax":282,"ymax":238}}]},"time_labeled":1563130017768,"labeled":true,"size":{"width":960,"height":544,"depth":3}}