{"path":"F:\\2\\001623.png","outputs":{"object":[{"name":"helmet","bndbox":{"xmin":312,"ymin":298,"xmax":369,"ymax":334}},{"name":"helmet","bndbox":{"xmin":881,"ymin":315,"xmax":949,"ymax":394}},{"name":"helmet","bndbox":{"xmin":760,"ymin":282,"xmax":802,"ymax":316}},{"name":"electrombile","bndbox":{"xmin":709,"ymin":346,"xmax":868,"ymax":466}},{"name":"helmet","bndbox":{"xmin":668,"ymin":298,"xmax":700,"ymax":334}},{"name":"helmet","bndbox":{"xmin":128,"ymin":290,"xmax":165,"ymax":318}},{"name":"helmet","bndbox":{"xmin":220,"ymin":287,"xmax":252,"ymax":322}},{"name":"helmet","bndbox":{"xmin":416,"ymin":294,"xmax":441,"ymax":323}},{"name":"helmet","bndbox":{"xmin":544,"ymin":294,"xmax":588,"ymax":319}}]},"time_labeled":1563130428935,"labeled":true,"size":{"width":960,"height":544,"depth":3}}