{"path":"F:\\2\\001618.png","outputs":{"object":[{"name":"electrombile","bndbox":{"xmin":384,"ymin":371,"xmax":580,"ymax":524}},{"name":"helmet","bndbox":{"xmin":144,"ymin":292,"xmax":188,"ymax":322}},{"name":"helmet","bndbox":{"xmin":274,"ymin":278,"xmax":320,"ymax":310}},{"name":"helmet","bndbox":{"xmin":412,"ymin":266,"xmax":452,"ymax":294}},{"name":"helmet","bndbox":{"xmin":444,"ymin":282,"xmax":500,"ymax":330}},{"name":"helmet","bndbox":{"xmin":486,"ymin":270,"xmax":530,"ymax":303}},{"name":"helmet","bndbox":{"xmin":544,"ymin":270,"xmax":585,"ymax":312}},{"name":"helmet","bndbox":{"xmin":921,"ymin":270,"xmax":962,"ymax":302}},{"name":"electrombile","bndbox":{"xmin":893,"ymin":318,"xmax":962,"ymax":418}}]},"time_labeled":1563130257633,"labeled":true,"size":{"width":960,"height":544,"depth":3}}