{"path":"F:\\2\\001627.png","outputs":{"object":[{"name":"electrombile","bndbox":{"xmin":572,"ymin":302,"xmax":741,"ymax":507}},{"name":"electrombile","bndbox":{"xmin":736,"ymin":246,"xmax":854,"ymax":387}},{"name":"electrombile","bndbox":{"xmin":136,"ymin":330,"xmax":334,"ymax":546}},{"name":"electrombile","bndbox":{"xmin":341,"ymin":235,"xmax":461,"ymax":335}},{"name":"helmet","bndbox":{"xmin":109,"ymin":174,"xmax":168,"ymax":243}},{"name":"helmet","bndbox":{"xmin":188,"ymin":200,"xmax":264,"ymax":284}},{"name":"helmet","bndbox":{"xmin":368,"ymin":167,"xmax":416,"ymax":212}},{"name":"helmet","bndbox":{"xmin":776,"ymin":190,"xmax":812,"ymax":222}},{"name":"electrombile","bndbox":{"xmin":512,"ymin":220,"xmax":570,"ymax":290}}]},"time_labeled":1563130529718,"labeled":true,"size":{"width":960,"height":544,"depth":3}}