{"path":"F:\\2\\001663.png","outputs":{"object":[{"name":"helmet","bndbox":{"xmin":68,"ymin":234,"xmax":108,"ymax":263}},{"name":"helmet","bndbox":{"xmin":600,"ymin":224,"xmax":624,"ymax":258}},{"name":"helmet","bndbox":{"xmin":669,"ymin":222,"xmax":704,"ymax":250}},{"name":"helmet","bndbox":{"xmin":245,"ymin":242,"xmax":300,"ymax":291}},{"name":"helmet","bndbox":{"xmin":744,"ymin":236,"xmax":816,"ymax":302}},{"name":"helmet","bndbox":{"xmin":836,"ymin":222,"xmax":860,"ymax":258}},{"name":"helmet","bndbox":{"xmin":876,"ymin":220,"xmax":908,"ymax":250}},{"name":"electrombile","bndbox":{"xmin":22,"ymin":263,"xmax":156,"ymax":338}},{"name":"electrombile","bndbox":{"xmin":161,"ymin":306,"xmax":410,"ymax":444}},{"name":"electrombile","bndbox":{"xmin":617,"ymin":258,"xmax":734,"ymax":338}},{"name":"electrombile","bndbox":{"xmin":826,"ymin":258,"xmax":954,"ymax":339}}]},"time_labeled":1563130914735,"labeled":true,"size":{"width":960,"height":544,"depth":3}}