{"path":"F:\\2\\001697.png","outputs":{"object":[{"name":"helmet","bndbox":{"xmin":296,"ymin":362,"xmax":332,"ymax":384}},{"name":"helmet","bndbox":{"xmin":340,"ymin":362,"xmax":382,"ymax":406}},{"name":"helmet","bndbox":{"xmin":642,"ymin":356,"xmax":692,"ymax":390}},{"name":"electrombile","bndbox":{"xmin":584,"ymin":402,"xmax":804,"ymax":534}},{"name":"electrombile","bndbox":{"xmin":769,"ymin":372,"xmax":896,"ymax":502}},{"name":"electrombile","bndbox":{"xmin":284,"ymin":402,"xmax":472,"ymax":551}}]},"time_labeled":1563131411037,"labeled":true,"size":{"width":960,"height":544,"depth":3}}