{"path":"F:\\2\\001616.png","outputs":{"object":[{"name":"electrombile","bndbox":{"xmin":688,"ymin":346,"xmax":958,"ymax":542}},{"name":"electrombile","bndbox":{"xmin":472,"ymin":318,"xmax":676,"ymax":482}},{"name":"electrombile","bndbox":{"xmin":264,"ymin":330,"xmax":429,"ymax":474}},{"name":"electrombile","bndbox":{"xmin":94,"ymin":326,"xmax":249,"ymax":459}},{"name":"helmet","bndbox":{"xmin":16,"ymin":262,"xmax":52,"ymax":307}},{"name":"helmet","bndbox":{"xmin":544,"ymin":230,"xmax":605,"ymax":291}},{"name":"helmet","bndbox":{"xmin":140,"ymin":262,"xmax":186,"ymax":299}},{"name":"helmet","bndbox":{"xmin":318,"ymin":270,"xmax":368,"ymax":314}}]},"time_labeled":1563130193200,"labeled":true,"size":{"width":960,"height":544,"depth":3}}