{"path":"F:\\2\\001676.png","outputs":{"object":[{"name":"helmet","bndbox":{"xmin":308,"ymin":246,"xmax":354,"ymax":283}},{"name":"helmet","bndbox":{"xmin":808,"ymin":214,"xmax":857,"ymax":250}},{"name":"helmet","bndbox":{"xmin":789,"ymin":260,"xmax":837,"ymax":298}},{"name":"helmet","bndbox":{"xmin":816,"ymin":264,"xmax":961,"ymax":382}},{"name":"electrombile","bndbox":{"xmin":212,"ymin":290,"xmax":489,"ymax":414}}]},"time_labeled":1563131089614,"labeled":true,"size":{"width":960,"height":544,"depth":3}}