{"path":"F:\\2\\001689.png","outputs":{"object":[{"name":"helmet","bndbox":{"xmin":48,"ymin":254,"xmax":100,"ymax":302}},{"name":"helmet","bndbox":{"xmin":892,"ymin":234,"xmax":961,"ymax":356}},{"name":"helmet","bndbox":{"xmin":840,"ymin":175,"xmax":880,"ymax":210}},{"name":"helmet","bndbox":{"xmin":264,"ymin":250,"xmax":349,"ymax":298}},{"name":"electrombile","bndbox":{"xmin":-17,"ymin":319,"xmax":180,"ymax":434}},{"name":"electrombile","bndbox":{"xmin":212,"ymin":322,"xmax":480,"ymax":482}}]},"time_labeled":1563131200920,"labeled":true,"size":{"width":960,"height":544,"depth":3}}