{"path":"F:\\2\\001693.png","outputs":{"object":[{"name":"helmet","bndbox":{"xmin":336,"ymin":366,"xmax":385,"ymax":410}},{"name":"helmet","bndbox":{"xmin":650,"ymin":352,"xmax":684,"ymax":382}},{"name":"helmet","bndbox":{"xmin":532,"ymin":347,"xmax":558,"ymax":382}},{"name":"helmet","bndbox":{"xmin":556,"ymin":352,"xmax":581,"ymax":386}},{"name":"helmet","bndbox":{"xmin":256,"ymin":360,"xmax":286,"ymax":386}},{"name":"electrombile","bndbox":{"xmin":126,"ymin":386,"xmax":192,"ymax":446}},{"name":"electrombile","bndbox":{"xmin":618,"ymin":388,"xmax":744,"ymax":471}},{"name":"electrombile","bndbox":{"xmin":760,"ymin":378,"xmax":876,"ymax":483}},{"name":"electrombile","bndbox":{"xmin":504,"ymin":386,"xmax":612,"ymax":474}},{"name":"electrombile","bndbox":{"xmin":248,"ymin":426,"xmax":500,"ymax":542}},{"name":"electrombile","bndbox":{"xmin":48,"ymin":388,"xmax":112,"ymax":443}}]},"time_labeled":1563131296710,"labeled":true,"size":{"width":960,"height":544,"depth":3}}