{"path":"F:\\2\\001607.png","outputs":{"object":[{"name":"electrombile","bndbox":{"xmin":1,"ymin":290,"xmax":428,"ymax":542}},{"name":"electrombile","bndbox":{"xmin":732,"ymin":228,"xmax":904,"ymax":372}},{"name":"electrombile","bndbox":{"xmin":224,"ymin":200,"xmax":372,"ymax":310}},{"name":"helmet","bndbox":{"xmin":264,"ymin":154,"xmax":304,"ymax":192}},{"name":"helmet","bndbox":{"xmin":832,"ymin":188,"xmax":888,"ymax":218}}]},"time_labeled":1563129994296,"labeled":true,"size":{"width":960,"height":544,"depth":3}}