{"path":"F:\\2\\001660.png","outputs":{"object":[{"name":"helmet","bndbox":{"xmin":176,"ymin":223,"xmax":224,"ymax":250}},{"name":"helmet","bndbox":{"xmin":768,"ymin":216,"xmax":796,"ymax":246}},{"name":"helmet","bndbox":{"xmin":798,"ymin":202,"xmax":825,"ymax":246}},{"name":"electrombile","bndbox":{"xmin":743,"ymin":246,"xmax":876,"ymax":334}},{"name":"electrombile","bndbox":{"xmin":134,"ymin":246,"xmax":249,"ymax":324}}]},"time_labeled":1563130858314,"labeled":true,"size":{"width":960,"height":544,"depth":3}}