{"path":"F:\\2\\001695.png","outputs":{"object":[{"name":"helmet","bndbox":{"xmin":121,"ymin":358,"xmax":148,"ymax":415}},{"name":"helmet","bndbox":{"xmin":346,"ymin":343,"xmax":388,"ymax":392}},{"name":"helmet","bndbox":{"xmin":448,"ymin":362,"xmax":508,"ymax":400}},{"name":"helmet","bndbox":{"xmin":581,"ymin":347,"xmax":625,"ymax":391}},{"name":"helmet","bndbox":{"xmin":652,"ymin":354,"xmax":696,"ymax":398}},{"name":"helmet","bndbox":{"xmin":862,"ymin":322,"xmax":904,"ymax":374}},{"name":"electrombile","bndbox":{"xmin":799,"ymin":426,"xmax":951,"ymax":552}},{"name":"electrombile","bndbox":{"xmin":588,"ymin":402,"xmax":761,"ymax":524}},{"name":"electrombile","bndbox":{"xmin":404,"ymin":399,"xmax":546,"ymax":502}},{"name":"electrombile","bndbox":{"xmin":298,"ymin":402,"xmax":432,"ymax":516}},{"name":"electrombile","bndbox":{"xmin":74,"ymin":410,"xmax":221,"ymax":518}}]},"time_labeled":1563131364689,"labeled":true,"size":{"width":960,"height":544,"depth":3}}