{"path":"F:\\2\\001670.png","outputs":{"object":[{"name":"helmet","bndbox":{"xmin":0,"ymin":246,"xmax":170,"ymax":407}},{"name":"helmet","bndbox":{"xmin":540,"ymin":206,"xmax":628,"ymax":260}},{"name":"helmet","bndbox":{"xmin":758,"ymin":206,"xmax":800,"ymax":234}},{"name":"electrombile","bndbox":{"xmin":468,"ymin":278,"xmax":744,"ymax":430}},{"name":"electrombile","bndbox":{"xmin":705,"ymin":228,"xmax":826,"ymax":306}}]},"time_labeled":1563131025774,"labeled":true,"size":{"width":960,"height":544,"depth":3}}