{"path":"F:\\2\\001696.png","outputs":{"object":[{"name":"electrombile","bndbox":{"xmin":16,"ymin":426,"xmax":136,"ymax":526}},{"name":"electrombile","bndbox":{"xmin":216,"ymin":411,"xmax":372,"ymax":534}},{"name":"electrombile","bndbox":{"xmin":452,"ymin":435,"xmax":796,"ymax":550}},{"name":"helmet","bndbox":{"xmin":556,"ymin":330,"xmax":658,"ymax":402}},{"name":"helmet","bndbox":{"xmin":901,"ymin":330,"xmax":958,"ymax":383}},{"name":"helmet","bndbox":{"xmin":788,"ymin":350,"xmax":842,"ymax":387}},{"name":"helmet","bndbox":{"xmin":268,"ymin":366,"xmax":312,"ymax":404}},{"name":"helmet","bndbox":{"xmin":50,"ymin":368,"xmax":98,"ymax":406}},{"name":"helmet","bndbox":{"xmin":16,"ymin":360,"xmax":72,"ymax":402}}]},"time_labeled":1563131395534,"labeled":true,"size":{"width":960,"height":544,"depth":3}}