{"path":"F:\\2\\001620.png","outputs":{"object":[{"name":"helmet","bndbox":{"xmin":145,"ymin":348,"xmax":264,"ymax":458}},{"name":"helmet","bndbox":{"xmin":645,"ymin":274,"xmax":680,"ymax":322}},{"name":"helmet","bndbox":{"xmin":476,"ymin":262,"xmax":506,"ymax":290}},{"name":"helmet","bndbox":{"xmin":9,"ymin":282,"xmax":60,"ymax":339}},{"name":"helmet","bndbox":{"xmin":100,"ymin":266,"xmax":136,"ymax":294}},{"name":"helmet","bndbox":{"xmin":290,"ymin":251,"xmax":342,"ymax":290}},{"name":"helmet","bndbox":{"xmin":578,"ymin":274,"xmax":600,"ymax":294}},{"name":"helmet","bndbox":{"xmin":728,"ymin":276,"xmax":768,"ymax":326}},{"name":"electrombile","bndbox":{"xmin":456,"ymin":314,"xmax":544,"ymax":418}},{"name":"electrombile","bndbox":{"xmin":376,"ymin":310,"xmax":454,"ymax":395}}]},"time_labeled":1563130344616,"labeled":true,"size":{"width":960,"height":544,"depth":3}}