{"path":"F:\\2\\001619.png","outputs":{"object":[{"name":"person","bndbox":{"xmin":472,"ymin":275,"xmax":556,"ymax":530}},{"name":"helmet","bndbox":{"xmin":780,"ymin":270,"xmax":852,"ymax":326}},{"name":"helmet","bndbox":{"xmin":744,"ymin":296,"xmax":796,"ymax":342}},{"name":"helmet","bndbox":{"xmin":388,"ymin":294,"xmax":430,"ymax":338}},{"name":"helmet","bndbox":{"xmin":364,"ymin":282,"xmax":392,"ymax":316}},{"name":"helmet","bndbox":{"xmin":130,"ymin":262,"xmax":181,"ymax":290}},{"name":"helmet","bndbox":{"xmin":262,"ymin":266,"xmax":306,"ymax":302}},{"name":"helmet","bndbox":{"xmin":36,"ymin":268,"xmax":60,"ymax":306}},{"name":"helmet","bndbox":{"xmin":8,"ymin":278,"xmax":44,"ymax":314}},{"name":"helmet","bndbox":{"xmin":697,"ymin":260,"xmax":730,"ymax":291}},{"name":"electrombile","bndbox":{"xmin":726,"ymin":378,"xmax":894,"ymax":542}},{"name":"electrombile","bndbox":{"xmin":92,"ymin":323,"xmax":228,"ymax":443}},{"name":"electrombile","bndbox":{"xmin":315,"ymin":376,"xmax":464,"ymax":502}}]},"time_labeled":1563130306075,"labeled":true,"size":{"width":960,"height":544,"depth":3}}