{"path":"F:\\2\\001609.png","outputs":{"object":[{"name":"electrombile","bndbox":{"xmin":164,"ymin":243,"xmax":400,"ymax":496}},{"name":"electrombile","bndbox":{"xmin":561,"ymin":246,"xmax":904,"ymax":492}},{"name":"helmet","bndbox":{"xmin":310,"ymin":220,"xmax":362,"ymax":286}},{"name":"helmet","bndbox":{"xmin":685,"ymin":178,"xmax":772,"ymax":250}},{"name":"helmet","bndbox":{"xmin":76,"ymin":186,"xmax":112,"ymax":214}},{"name":"electrombile","bndbox":{"xmin":0,"ymin":199,"xmax":174,"ymax":335}}]},"time_labeled":1563130040359,"labeled":true,"size":{"width":960,"height":544,"depth":3}}