{"path":"F:\\2\\001626.png","outputs":{"object":[{"name":"helmet","bndbox":{"xmin":120,"ymin":268,"xmax":196,"ymax":347}},{"name":"helmet","bndbox":{"xmin":800,"ymin":226,"xmax":852,"ymax":260}},{"name":"helmet","bndbox":{"xmin":668,"ymin":248,"xmax":743,"ymax":293}},{"name":"electrombile","bndbox":{"xmin":277,"ymin":271,"xmax":344,"ymax":319}},{"name":"electrombile","bndbox":{"xmin":772,"ymin":290,"xmax":909,"ymax":407}},{"name":"electrombile","bndbox":{"xmin":414,"ymin":280,"xmax":494,"ymax":370}},{"name":"electrombile","bndbox":{"xmin":652,"ymin":322,"xmax":765,"ymax":506}}]},"time_labeled":1563130497927,"labeled":true,"size":{"width":960,"height":544,"depth":3}}