{"path":"F:\\2\\001621.png","outputs":{"object":[{"name":"electrombile","bndbox":{"xmin":348,"ymin":336,"xmax":537,"ymax":490}},{"name":"electrombile","bndbox":{"xmin":592,"ymin":310,"xmax":696,"ymax":394}},{"name":"electrombile","bndbox":{"xmin":844,"ymin":310,"xmax":961,"ymax":426}},{"name":"electrombile","bndbox":{"xmin":494,"ymin":310,"xmax":588,"ymax":394}},{"name":"helmet","bndbox":{"xmin":386,"ymin":254,"xmax":432,"ymax":304}},{"name":"helmet","bndbox":{"xmin":676,"ymin":314,"xmax":776,"ymax":412}},{"name":"helmet","bndbox":{"xmin":884,"ymin":268,"xmax":912,"ymax":298}},{"name":"helmet","bndbox":{"xmin":921,"ymin":266,"xmax":956,"ymax":306}},{"name":"helmet","bndbox":{"xmin":432,"ymin":258,"xmax":460,"ymax":290}},{"name":"helmet","bndbox":{"xmin":224,"ymin":268,"xmax":256,"ymax":314}}]},"time_labeled":1563130371256,"labeled":true,"size":{"width":960,"height":544,"depth":3}}