{"path":"F:\\2\\001692.png","outputs":{"object":[{"name":"electrombile","bndbox":{"xmin":72,"ymin":324,"xmax":152,"ymax":406}},{"name":"electrombile","bndbox":{"xmin":180,"ymin":312,"xmax":268,"ymax":394}},{"name":"electrombile","bndbox":{"xmin":312,"ymin":326,"xmax":374,"ymax":398}},{"name":"electrombile","bndbox":{"xmin":404,"ymin":322,"xmax":454,"ymax":364}},{"name":"electrombile","bndbox":{"xmin":448,"ymin":314,"xmax":526,"ymax":403}},{"name":"electrombile","bndbox":{"xmin":544,"ymin":310,"xmax":634,"ymax":404}},{"name":"electrombile","bndbox":{"xmin":652,"ymin":314,"xmax":729,"ymax":398}},{"name":"electrombile","bndbox":{"xmin":744,"ymin":307,"xmax":830,"ymax":390}},{"name":"helmet","bndbox":{"xmin":674,"ymin":278,"xmax":700,"ymax":324}},{"name":"helmet","bndbox":{"xmin":472,"ymin":278,"xmax":484,"ymax":320}},{"name":"helmet","bndbox":{"xmin":324,"ymin":286,"xmax":358,"ymax":314}},{"name":"helmet","bndbox":{"xmin":420,"ymin":292,"xmax":442,"ymax":318}},{"name":"helmet","bndbox":{"xmin":100,"ymin":286,"xmax":124,"ymax":314}},{"name":"entirey","bndbox":{"xmin":525,"ymin":272,"xmax":649,"ymax":410}},{"name":"entirey","bndbox":{"xmin":750,"ymin":274,"xmax":840,"ymax":382}},{"name":"entirey","bndbox":{"xmin":650,"ymin":264,"xmax":737,"ymax":399}},{"name":"entirey","bndbox":{"xmin":457,"ymin":268,"xmax":528,"ymax":410}},{"name":"entirey","bndbox":{"xmin":408,"ymin":274,"xmax":454,"ymax":382}},{"name":"entirey","bndbox":{"xmin":310,"ymin":286,"xmax":372,"ymax":412}}]},"time_labeled":1563131265647,"labeled":true,"size":{"width":960,"height":544,"depth":3}}