{"path":"F:\\2\\001784.png","outputs":{"object":[{"name":"helmet","bndbox":{"xmin":56,"ymin":338,"xmax":84,"ymax":374}},{"name":"helmet","bndbox":{"xmin":200,"ymin":347,"xmax":237,"ymax":374}},{"name":"helmet","bndbox":{"xmin":624,"ymin":319,"xmax":656,"ymax":354}},{"name":"helmet","bndbox":{"xmin":372,"ymin":342,"xmax":404,"ymax":370}},{"name":"helmet","bndbox":{"xmin":687,"ymin":334,"xmax":734,"ymax":356}},{"name":"electrombile","bndbox":{"xmin":594,"ymin":374,"xmax":686,"ymax":466}},{"name":"helmet","bndbox":{"xmin":204,"ymin":390,"xmax":320,"ymax":478}},{"name":"helmet","bndbox":{"xmin":352,"ymin":386,"xmax":440,"ymax":466}},{"name":"helmet","bndbox":{"xmin":4,"ymin":396,"xmax":132,"ymax":504}}]},"time_labeled":1563132874317,"labeled":true,"size":{"width":960,"height":544,"depth":3}}