{"path":"F:\\2\\001785.png","outputs":{"object":[{"name":"electrombile","bndbox":{"xmin":58,"ymin":434,"xmax":169,"ymax":530}},{"name":"electrombile","bndbox":{"xmin":233,"ymin":423,"xmax":338,"ymax":515}},{"name":"electrombile","bndbox":{"xmin":369,"ymin":412,"xmax":480,"ymax":543}},{"name":"helmet","bndbox":{"xmin":408,"ymin":370,"xmax":440,"ymax":404}},{"name":"helmet","bndbox":{"xmin":268,"ymin":388,"xmax":297,"ymax":418}},{"name":"helmet","bndbox":{"xmin":88,"ymin":382,"xmax":150,"ymax":419}}]},"time_labeled":1563132896517,"labeled":true,"size":{"width":960,"height":544,"depth":3}}