{"path":"F:\\2\\001777.png","outputs":{"object":[{"name":"electrombile","bndbox":{"xmin":409,"ymin":378,"xmax":820,"ymax":563}},{"name":"electrombile","bndbox":{"xmin":817,"ymin":314,"xmax":932,"ymax":424}},{"name":"electrombile","bndbox":{"xmin":401,"ymin":314,"xmax":468,"ymax":390}},{"name":"electrombile","bndbox":{"xmin":36,"ymin":352,"xmax":240,"ymax":490}},{"name":"helmet","bndbox":{"xmin":44,"ymin":270,"xmax":84,"ymax":306}},{"name":"helmet","bndbox":{"xmin":841,"ymin":266,"xmax":893,"ymax":302}},{"name":"helmet","bndbox":{"xmin":684,"ymin":286,"xmax":708,"ymax":314}}]},"time_labeled":1563132625056,"labeled":true,"size":{"width":960,"height":544,"depth":3}}