{"path":"F:\\2\\001719.png","outputs":{"object":[{"name":"helmet","bndbox":{"xmin":29,"ymin":358,"xmax":65,"ymax":391}},{"name":"helmet","bndbox":{"xmin":428,"ymin":331,"xmax":466,"ymax":374}},{"name":"helmet","bndbox":{"xmin":84,"ymin":346,"xmax":124,"ymax":378}},{"name":"helmet","bndbox":{"xmin":534,"ymin":326,"xmax":572,"ymax":358}},{"name":"helmet","bndbox":{"xmin":562,"ymin":338,"xmax":602,"ymax":370}},{"name":"electrombile","bndbox":{"xmin":24,"ymin":395,"xmax":212,"ymax":514}},{"name":"electrombile","bndbox":{"xmin":709,"ymin":366,"xmax":892,"ymax":466}},{"name":"electrombile","bndbox":{"xmin":353,"ymin":378,"xmax":502,"ymax":470}},{"name":"electrombile","bndbox":{"xmin":489,"ymin":386,"xmax":665,"ymax":483}}]},"time_labeled":1563131772317,"labeled":true,"size":{"width":960,"height":544,"depth":3}}