{"path":"F:\\2\\001723.png","outputs":{"object":[{"name":"helmet","bndbox":{"xmin":693,"ymin":322,"xmax":732,"ymax":356}},{"name":"electrombile","bndbox":{"xmin":662,"ymin":359,"xmax":752,"ymax":422}},{"name":"electrombile","bndbox":{"xmin":756,"ymin":364,"xmax":826,"ymax":418}},{"name":"electrombile","bndbox":{"xmin":882,"ymin":330,"xmax":958,"ymax":431}},{"name":"electrombile","bndbox":{"xmin":476,"ymin":378,"xmax":532,"ymax":430}}]},"time_labeled":1563131857070,"labeled":true,"size":{"width":960,"height":544,"depth":3}}