{"path":"F:\\2\\001760.png","outputs":{"object":[{"name":"helmet","bndbox":{"xmin":88,"ymin":174,"xmax":156,"ymax":238}},{"name":"helmet","bndbox":{"xmin":734,"ymin":154,"xmax":778,"ymax":186}},{"name":"electrombile","bndbox":{"xmin":10,"ymin":264,"xmax":273,"ymax":452}},{"name":"electrombile","bndbox":{"xmin":680,"ymin":218,"xmax":836,"ymax":338}},{"name":"electrombile","bndbox":{"xmin":218,"ymin":206,"xmax":293,"ymax":278}}]},"time_labeled":1563132388662,"labeled":true,"size":{"width":960,"height":544,"depth":3}}