{"path":"F:\\2\\001746.png","outputs":{"object":[{"name":"electrombile","bndbox":{"xmin":764,"ymin":282,"xmax":936,"ymax":466}},{"name":"electrombile","bndbox":{"xmin":508,"ymin":302,"xmax":689,"ymax":450}},{"name":"electrombile","bndbox":{"xmin":246,"ymin":282,"xmax":357,"ymax":407}},{"name":"electrombile","bndbox":{"xmin":109,"ymin":294,"xmax":265,"ymax":426}},{"name":"helmet","bndbox":{"xmin":64,"ymin":224,"xmax":100,"ymax":266}},{"name":"helmet","bndbox":{"xmin":592,"ymin":214,"xmax":628,"ymax":267}},{"name":"helmet","bndbox":{"xmin":720,"ymin":206,"xmax":752,"ymax":243}},{"name":"helmet","bndbox":{"xmin":668,"ymin":215,"xmax":700,"ymax":255}},{"name":"helmet","bndbox":{"xmin":486,"ymin":216,"xmax":524,"ymax":246}},{"name":"helmet","bndbox":{"xmin":360,"ymin":214,"xmax":397,"ymax":251}},{"name":"helmet","bndbox":{"xmin":269,"ymin":218,"xmax":304,"ymax":258}}]},"time_labeled":1563132133718,"labeled":true,"size":{"width":960,"height":544,"depth":3}}