{"path":"F:\\2\\001720.png","outputs":{"object":[{"name":"electrombile","bndbox":{"xmin":28,"ymin":382,"xmax":216,"ymax":488}},{"name":"electrombile","bndbox":{"xmin":254,"ymin":366,"xmax":346,"ymax":455}},{"name":"electrombile","bndbox":{"xmin":660,"ymin":343,"xmax":832,"ymax":446}},{"name":"helmet","bndbox":{"xmin":408,"ymin":306,"xmax":513,"ymax":386}},{"name":"helmet","bndbox":{"xmin":17,"ymin":322,"xmax":61,"ymax":362}},{"name":"helmet","bndbox":{"xmin":324,"ymin":302,"xmax":360,"ymax":334}},{"name":"helmet","bndbox":{"xmin":508,"ymin":290,"xmax":552,"ymax":331}},{"name":"helmet","bndbox":{"xmin":124,"ymin":328,"xmax":172,"ymax":363}}]},"time_labeled":1563131797439,"labeled":true,"size":{"width":960,"height":544,"depth":3}}