{"path":"F:\\2\\001779.png","outputs":{"object":[{"name":"electrombile","bndbox":{"xmin":220,"ymin":391,"xmax":300,"ymax":478}},{"name":"electrombile","bndbox":{"xmin":296,"ymin":394,"xmax":356,"ymax":458}},{"name":"electrombile","bndbox":{"xmin":360,"ymin":382,"xmax":404,"ymax":450}},{"name":"electrombile","bndbox":{"xmin":412,"ymin":394,"xmax":476,"ymax":467}},{"name":"electrombile","bndbox":{"xmin":481,"ymin":386,"xmax":532,"ymax":452}},{"name":"electrombile","bndbox":{"xmin":538,"ymin":386,"xmax":596,"ymax":458}},{"name":"electrombile","bndbox":{"xmin":592,"ymin":386,"xmax":630,"ymax":438}},{"name":"electrombile","bndbox":{"xmin":618,"ymin":388,"xmax":673,"ymax":452}},{"name":"electrombile","bndbox":{"xmin":740,"ymin":394,"xmax":782,"ymax":438}},{"name":"helmet","bndbox":{"xmin":254,"ymin":358,"xmax":272,"ymax":382}},{"name":"helmet","bndbox":{"xmin":320,"ymin":358,"xmax":344,"ymax":388}},{"name":"helmet","bndbox":{"xmin":432,"ymin":354,"xmax":465,"ymax":390}},{"name":"helmet","bndbox":{"xmin":641,"ymin":366,"xmax":661,"ymax":391}}]},"time_labeled":1563132704080,"labeled":true,"size":{"width":960,"height":544,"depth":3}}