{"path":"F:\\2\\001714.png","outputs":{"object":[{"name":"helmet","bndbox":{"xmin":204,"ymin":446,"xmax":276,"ymax":514}},{"name":"helmet","bndbox":{"xmin":334,"ymin":434,"xmax":372,"ymax":472}},{"name":"helmet","bndbox":{"xmin":380,"ymin":423,"xmax":412,"ymax":470}},{"name":"electrombile","bndbox":{"xmin":342,"ymin":470,"xmax":456,"ymax":547}},{"name":"electrombile","bndbox":{"xmin":716,"ymin":442,"xmax":900,"ymax":536}}]},"time_labeled":1563131629232,"labeled":true,"size":{"width":960,"height":544,"depth":3}}