{"path":"F:\\2\\001742.png","outputs":{"object":[{"name":"helmet","bndbox":{"xmin":500,"ymin":234,"xmax":564,"ymax":290}},{"name":"electrombile","bndbox":{"xmin":396,"ymin":338,"xmax":752,"ymax":530}},{"name":"helmet","bndbox":{"xmin":12,"ymin":235,"xmax":58,"ymax":274}},{"name":"helmet","bndbox":{"xmin":636,"ymin":231,"xmax":672,"ymax":260}},{"name":"helmet","bndbox":{"xmin":60,"ymin":247,"xmax":116,"ymax":286}},{"name":"helmet","bndbox":{"xmin":124,"ymin":231,"xmax":178,"ymax":283}},{"name":"electrombile","bndbox":{"xmin":628,"ymin":258,"xmax":680,"ymax":326}}]},"time_labeled":1563132035765,"labeled":true,"size":{"width":960,"height":544,"depth":3}}