{"path":"F:\\2\\001745.png","outputs":{"object":[{"name":"helmet","bndbox":{"xmin":800,"ymin":184,"xmax":870,"ymax":222}},{"name":"helmet","bndbox":{"xmin":294,"ymin":208,"xmax":340,"ymax":258}},{"name":"helmet","bndbox":{"xmin":48,"ymin":184,"xmax":92,"ymax":235}},{"name":"helmet","bndbox":{"xmin":144,"ymin":202,"xmax":204,"ymax":238}},{"name":"helmet","bndbox":{"xmin":386,"ymin":200,"xmax":432,"ymax":238}},{"name":"helmet","bndbox":{"xmin":508,"ymin":194,"xmax":560,"ymax":238}},{"name":"electrombile","bndbox":{"xmin":198,"ymin":287,"xmax":436,"ymax":454}},{"name":"electrombile","bndbox":{"xmin":517,"ymin":286,"xmax":733,"ymax":484}},{"name":"electrombile","bndbox":{"xmin":752,"ymin":238,"xmax":928,"ymax":350}}]},"time_labeled":1563132110919,"labeled":true,"size":{"width":960,"height":544,"depth":3}}