{"path":"F:\\2\\001747.png","outputs":{"object":[{"name":"helmet","bndbox":{"xmin":834,"ymin":228,"xmax":884,"ymax":275}},{"name":"helmet","bndbox":{"xmin":309,"ymin":238,"xmax":357,"ymax":276}},{"name":"helmet","bndbox":{"xmin":400,"ymin":246,"xmax":424,"ymax":274}},{"name":"helmet","bndbox":{"xmin":240,"ymin":252,"xmax":285,"ymax":286}},{"name":"helmet","bndbox":{"xmin":20,"ymin":238,"xmax":52,"ymax":279}},{"name":"electrombile","bndbox":{"xmin":464,"ymin":270,"xmax":536,"ymax":334}},{"name":"electrombile","bndbox":{"xmin":772,"ymin":310,"xmax":936,"ymax":442}},{"name":"electrombile","bndbox":{"xmin":564,"ymin":287,"xmax":673,"ymax":406}},{"name":"electrombile","bndbox":{"xmin":316,"ymin":300,"xmax":473,"ymax":434}},{"name":"electrombile","bndbox":{"xmin":193,"ymin":306,"xmax":329,"ymax":434}},{"name":"electrombile","bndbox":{"xmin":64,"ymin":314,"xmax":188,"ymax":466}}]},"time_labeled":1563132159861,"labeled":true,"size":{"width":960,"height":544,"depth":3}}