{"path":"F:\\2\\001775.png","outputs":{"object":[{"name":"electrombile","bndbox":{"xmin":-3,"ymin":380,"xmax":204,"ymax":528}},{"name":"electrombile","bndbox":{"xmin":401,"ymin":362,"xmax":505,"ymax":454}},{"name":"electrombile","bndbox":{"xmin":782,"ymin":362,"xmax":953,"ymax":475}},{"name":"electrombile","bndbox":{"xmin":738,"ymin":347,"xmax":788,"ymax":423}},{"name":"helmet","bndbox":{"xmin":845,"ymin":302,"xmax":896,"ymax":328}},{"name":"helmet","bndbox":{"xmin":50,"ymin":312,"xmax":96,"ymax":362}}]},"time_labeled":1563132577750,"labeled":true,"size":{"width":960,"height":544,"depth":3}}