{"path":"F:\\2\\001758.png","outputs":{"object":[{"name":"electrombile","bndbox":{"xmin":630,"ymin":254,"xmax":804,"ymax":408}},{"name":"electrombile","bndbox":{"xmin":832,"ymin":231,"xmax":940,"ymax":331}},{"name":"helmet","bndbox":{"xmin":98,"ymin":260,"xmax":210,"ymax":360}},{"name":"helmet","bndbox":{"xmin":696,"ymin":191,"xmax":734,"ymax":234}},{"name":"helmet","bndbox":{"xmin":47,"ymin":216,"xmax":96,"ymax":268}}]},"time_labeled":1563132356598,"labeled":true,"size":{"width":960,"height":544,"depth":3}}