{"path":"F:\\2\\001791.png","outputs":{"object":[{"name":"helmet","bndbox":{"xmin":81,"ymin":384,"xmax":112,"ymax":416}},{"name":"helmet","bndbox":{"xmin":469,"ymin":382,"xmax":502,"ymax":410}},{"name":"helmet","bndbox":{"xmin":712,"ymin":390,"xmax":730,"ymax":414}},{"name":"helmet","bndbox":{"xmin":606,"ymin":386,"xmax":636,"ymax":414}},{"name":"electrombile","bndbox":{"xmin":444,"ymin":422,"xmax":552,"ymax":506}},{"name":"electrombile","bndbox":{"xmin":32,"ymin":435,"xmax":160,"ymax":534}},{"name":"electrombile","bndbox":{"xmin":263,"ymin":428,"xmax":323,"ymax":488}},{"name":"electrombile","bndbox":{"xmin":684,"ymin":418,"xmax":760,"ymax":475}}]},"time_labeled":1563133027278,"labeled":true,"size":{"width":960,"height":544,"depth":3}}