{"path":"F:\\2\\001778.png","outputs":{"object":[{"name":"helmet","bndbox":{"xmin":709,"ymin":286,"xmax":778,"ymax":344}},{"name":"helmet","bndbox":{"xmin":256,"ymin":294,"xmax":286,"ymax":318}},{"name":"helmet","bndbox":{"xmin":462,"ymin":298,"xmax":482,"ymax":318}},{"name":"helmet","bndbox":{"xmin":540,"ymin":294,"xmax":562,"ymax":322}},{"name":"helmet","bndbox":{"xmin":872,"ymin":278,"xmax":901,"ymax":307}},{"name":"electrombile","bndbox":{"xmin":556,"ymin":372,"xmax":941,"ymax":544}},{"name":"electrombile","bndbox":{"xmin":526,"ymin":323,"xmax":573,"ymax":382}},{"name":"electrombile","bndbox":{"xmin":608,"ymin":322,"xmax":664,"ymax":376}},{"name":"electrombile","bndbox":{"xmin":441,"ymin":334,"xmax":492,"ymax":398}},{"name":"electrombile","bndbox":{"xmin":224,"ymin":324,"xmax":304,"ymax":399}}]},"time_labeled":1563132650814,"labeled":true,"size":{"width":960,"height":544,"depth":3}}