{"path":"F:\\2\\001722.png","outputs":{"object":[{"name":"electrombile","bndbox":{"xmin":62,"ymin":410,"xmax":265,"ymax":535}},{"name":"electrombile","bndbox":{"xmin":752,"ymin":390,"xmax":828,"ymax":451}},{"name":"electrombile","bndbox":{"xmin":840,"ymin":374,"xmax":918,"ymax":451}},{"name":"electrombile","bndbox":{"xmin":544,"ymin":391,"xmax":589,"ymax":450}},{"name":"electrombile","bndbox":{"xmin":469,"ymin":398,"xmax":520,"ymax":454}},{"name":"electrombile","bndbox":{"xmin":372,"ymin":403,"xmax":422,"ymax":442}},{"name":"electrombile","bndbox":{"xmin":292,"ymin":403,"xmax":325,"ymax":444}},{"name":"electrombile","bndbox":{"xmin":252,"ymin":406,"xmax":276,"ymax":446}},{"name":"electrombile","bndbox":{"xmin":625,"ymin":390,"xmax":666,"ymax":446}}]},"time_labeled":1563131837087,"labeled":true,"size":{"width":960,"height":544,"depth":3}}