{"path":"F:\\2\\001787.png","outputs":{"object":[{"name":"helmet","bndbox":{"xmin":158,"ymin":354,"xmax":176,"ymax":394}},{"name":"helmet","bndbox":{"xmin":308,"ymin":358,"xmax":332,"ymax":384}},{"name":"helmet","bndbox":{"xmin":330,"ymin":351,"xmax":366,"ymax":392}},{"name":"helmet","bndbox":{"xmin":516,"ymin":348,"xmax":544,"ymax":380}},{"name":"helmet","bndbox":{"xmin":488,"ymin":348,"xmax":520,"ymax":390}},{"name":"helmet","bndbox":{"xmin":624,"ymin":358,"xmax":650,"ymax":382}},{"name":"electrombile","bndbox":{"xmin":476,"ymin":392,"xmax":568,"ymax":484}},{"name":"electrombile","bndbox":{"xmin":304,"ymin":398,"xmax":396,"ymax":482}},{"name":"electrombile","bndbox":{"xmin":118,"ymin":406,"xmax":216,"ymax":502}}]},"time_labeled":1563132932580,"labeled":true,"size":{"width":960,"height":544,"depth":3}}