{"path":"F:\\2\\001774.png","outputs":{"object":[{"name":"electrombile","bndbox":{"xmin":826,"ymin":338,"xmax":908,"ymax":418}},{"name":"electrombile","bndbox":{"xmin":896,"ymin":334,"xmax":964,"ymax":412}},{"name":"electrombile","bndbox":{"xmin":397,"ymin":346,"xmax":469,"ymax":406}},{"name":"electrombile","bndbox":{"xmin":474,"ymin":340,"xmax":540,"ymax":402}},{"name":"electrombile","bndbox":{"xmin":560,"ymin":354,"xmax":618,"ymax":398}}]},"time_labeled":1563132557222,"labeled":true,"size":{"width":960,"height":544,"depth":3}}