{"path":"F:\\2\\001743.png","outputs":{"object":[{"name":"helmet","bndbox":{"xmin":796,"ymin":294,"xmax":886,"ymax":371}},{"name":"helmet","bndbox":{"xmin":688,"ymin":316,"xmax":732,"ymax":362}},{"name":"helmet","bndbox":{"xmin":396,"ymin":350,"xmax":472,"ymax":430}},{"name":"helmet","bndbox":{"xmin":416,"ymin":313,"xmax":468,"ymax":363}},{"name":"helmet","bndbox":{"xmin":266,"ymin":342,"xmax":336,"ymax":394}},{"name":"helmet","bndbox":{"xmin":42,"ymin":323,"xmax":97,"ymax":374}},{"name":"electrombile","bndbox":{"xmin":610,"ymin":352,"xmax":789,"ymax":478}},{"name":"electrombile","bndbox":{"xmin":732,"ymin":386,"xmax":950,"ymax":542}}]},"time_labeled":1563132066198,"labeled":true,"size":{"width":960,"height":544,"depth":3}}