{"path":"F:\\2\\001776.png","outputs":{"object":[{"name":"electrombile","bndbox":{"xmin":506,"ymin":371,"xmax":673,"ymax":491}},{"name":"electrombile","bndbox":{"xmin":740,"ymin":386,"xmax":973,"ymax":531}},{"name":"electrombile","bndbox":{"xmin":420,"ymin":372,"xmax":532,"ymax":470}},{"name":"helmet","bndbox":{"xmin":466,"ymin":315,"xmax":514,"ymax":350}},{"name":"helmet","bndbox":{"xmin":545,"ymin":314,"xmax":592,"ymax":360}}]},"time_labeled":1563132598236,"labeled":true,"size":{"width":960,"height":544,"depth":3}}