{"path":"F:\\2\\001757.png","outputs":{"object":[{"name":"helmet","bndbox":{"xmin":754,"ymin":238,"xmax":864,"ymax":310}},{"name":"helmet","bndbox":{"xmin":426,"ymin":210,"xmax":468,"ymax":250}},{"name":"electrombile","bndbox":{"xmin":352,"ymin":279,"xmax":536,"ymax":430}},{"name":"electrombile","bndbox":{"xmin":652,"ymin":318,"xmax":956,"ymax":539}},{"name":"electrombile","bndbox":{"xmin":159,"ymin":278,"xmax":300,"ymax":410}},{"name":"electrombile","bndbox":{"xmin":-3,"ymin":302,"xmax":153,"ymax":462}}]},"time_labeled":1563132338591,"labeled":true,"size":{"width":960,"height":544,"depth":3}}