{"path":"F:\\2\\001744.png","outputs":{"object":[{"name":"electrombile","bndbox":{"xmin":648,"ymin":294,"xmax":924,"ymax":550}},{"name":"electrombile","bndbox":{"xmin":448,"ymin":230,"xmax":622,"ymax":364}},{"name":"electrombile","bndbox":{"xmin":321,"ymin":294,"xmax":508,"ymax":510}},{"name":"helmet","bndbox":{"xmin":744,"ymin":162,"xmax":796,"ymax":235}},{"name":"helmet","bndbox":{"xmin":472,"ymin":178,"xmax":506,"ymax":214}},{"name":"helmet","bndbox":{"xmin":504,"ymin":182,"xmax":544,"ymax":223}},{"name":"helmet","bndbox":{"xmin":325,"ymin":179,"xmax":361,"ymax":224}},{"name":"helmet","bndbox":{"xmin":206,"ymin":186,"xmax":249,"ymax":230}},{"name":"helmet","bndbox":{"xmin":80,"ymin":192,"xmax":113,"ymax":240}}]},"time_labeled":1563132090950,"labeled":true,"size":{"width":960,"height":544,"depth":3}}