{"path":"F:\\2\\001751.png","outputs":{"object":[{"name":"helmet","bndbox":{"xmin":496,"ymin":250,"xmax":521,"ymax":282}},{"name":"helmet","bndbox":{"xmin":688,"ymin":248,"xmax":724,"ymax":282}},{"name":"helmet","bndbox":{"xmin":393,"ymin":239,"xmax":436,"ymax":278}},{"name":"electrombile","bndbox":{"xmin":652,"ymin":302,"xmax":776,"ymax":408}},{"name":"electrombile","bndbox":{"xmin":570,"ymin":298,"xmax":632,"ymax":378}},{"name":"electrombile","bndbox":{"xmin":816,"ymin":286,"xmax":880,"ymax":382}},{"name":"electrombile","bndbox":{"xmin":472,"ymin":310,"xmax":566,"ymax":410}}]},"time_labeled":1563132249582,"labeled":true,"size":{"width":960,"height":544,"depth":3}}