{"path":"F:\\2\\001717.png","outputs":{"object":[{"name":"helmet","bndbox":{"xmin":178,"ymin":356,"xmax":236,"ymax":386}},{"name":"helmet","bndbox":{"xmin":324,"ymin":338,"xmax":380,"ymax":376}},{"name":"helmet","bndbox":{"xmin":614,"ymin":314,"xmax":657,"ymax":358}},{"name":"helmet","bndbox":{"xmin":718,"ymin":312,"xmax":769,"ymax":358}},{"name":"electrombile","bndbox":{"xmin":270,"ymin":356,"xmax":422,"ymax":486}},{"name":"electrombile","bndbox":{"xmin":124,"ymin":376,"xmax":281,"ymax":498}},{"name":"electrombile","bndbox":{"xmin":414,"ymin":380,"xmax":458,"ymax":424}},{"name":"electrombile","bndbox":{"xmin":552,"ymin":374,"xmax":666,"ymax":466}},{"name":"electrombile","bndbox":{"xmin":652,"ymin":370,"xmax":840,"ymax":486}}]},"time_labeled":1563131673741,"labeled":true,"size":{"width":960,"height":544,"depth":3}}