{"path":"F:\\2\\001750.png","outputs":{"object":[{"name":"electrombile","bndbox":{"xmin":412,"ymin":318,"xmax":548,"ymax":452}},{"name":"electrombile","bndbox":{"xmin":564,"ymin":326,"xmax":665,"ymax":434}},{"name":"electrombile","bndbox":{"xmin":848,"ymin":307,"xmax":950,"ymax":430}},{"name":"electrombile","bndbox":{"xmin":266,"ymin":322,"xmax":382,"ymax":434}},{"name":"electrombile","bndbox":{"xmin":24,"ymin":306,"xmax":200,"ymax":434}},{"name":"helmet","bndbox":{"xmin":64,"ymin":262,"xmax":132,"ymax":298}},{"name":"helmet","bndbox":{"xmin":810,"ymin":251,"xmax":829,"ymax":290}},{"name":"helmet","bndbox":{"xmin":457,"ymin":258,"xmax":500,"ymax":299}},{"name":"helmet","bndbox":{"xmin":314,"ymin":254,"xmax":381,"ymax":296}},{"name":"helmet","bndbox":{"xmin":288,"ymin":258,"xmax":330,"ymax":298}},{"name":"helmet","bndbox":{"xmin":20,"ymin":266,"xmax":64,"ymax":292}}]},"time_labeled":1563132230990,"labeled":true,"size":{"width":960,"height":544,"depth":3}}