{"path":"F:\\2\\001721.png","outputs":{"object":[{"name":"helmet","bndbox":{"xmin":16,"ymin":350,"xmax":53,"ymax":396}},{"name":"helmet","bndbox":{"xmin":144,"ymin":360,"xmax":188,"ymax":403}},{"name":"electrombile","bndbox":{"xmin":68,"ymin":412,"xmax":261,"ymax":528}},{"name":"electrombile","bndbox":{"xmin":356,"ymin":402,"xmax":528,"ymax":502}},{"name":"electrombile","bndbox":{"xmin":788,"ymin":358,"xmax":865,"ymax":438}},{"name":"electrombile","bndbox":{"xmin":892,"ymin":343,"xmax":960,"ymax":444}},{"name":"electrombile","bndbox":{"xmin":544,"ymin":383,"xmax":612,"ymax":446}}]},"time_labeled":1563131815725,"labeled":true,"size":{"width":960,"height":544,"depth":3}}