{"path":"F:\\2\\001756.png","outputs":{"object":[{"name":"electrombile","bndbox":{"xmin":117,"ymin":272,"xmax":317,"ymax":441}},{"name":"electrombile","bndbox":{"xmin":297,"ymin":240,"xmax":494,"ymax":379}},{"name":"electrombile","bndbox":{"xmin":665,"ymin":196,"xmax":803,"ymax":308}},{"name":"electrombile","bndbox":{"xmin":845,"ymin":195,"xmax":940,"ymax":308}},{"name":"helmet","bndbox":{"xmin":210,"ymin":176,"xmax":268,"ymax":234}}]},"time_labeled":1563132316381,"labeled":true,"size":{"width":960,"height":544,"depth":3}}