{"path":"F:\\2\\001752.png","outputs":{"object":[{"name":"helmet","bndbox":{"xmin":388,"ymin":246,"xmax":412,"ymax":278}},{"name":"helmet","bndbox":{"xmin":496,"ymin":238,"xmax":538,"ymax":258}},{"name":"electrombile","bndbox":{"xmin":297,"ymin":296,"xmax":404,"ymax":398}},{"name":"electrombile","bndbox":{"xmin":373,"ymin":282,"xmax":472,"ymax":383}},{"name":"electrombile","bndbox":{"xmin":876,"ymin":268,"xmax":964,"ymax":398}}]},"time_labeled":1563132266326,"labeled":true,"size":{"width":960,"height":544,"depth":3}}