{"path":"F:\\2\\001781.png","outputs":{"object":[{"name":"helmet","bndbox":{"xmin":112,"ymin":279,"xmax":248,"ymax":400}},{"name":"electrombile","bndbox":{"xmin":656,"ymin":326,"xmax":716,"ymax":400}},{"name":"electrombile","bndbox":{"xmin":530,"ymin":334,"xmax":593,"ymax":407}},{"name":"electrombile","bndbox":{"xmin":416,"ymin":334,"xmax":476,"ymax":400}},{"name":"electrombile","bndbox":{"xmin":284,"ymin":336,"xmax":352,"ymax":416}},{"name":"helmet","bndbox":{"xmin":304,"ymin":294,"xmax":332,"ymax":326}},{"name":"helmet","bndbox":{"xmin":724,"ymin":298,"xmax":752,"ymax":326}},{"name":"helmet","bndbox":{"xmin":832,"ymin":294,"xmax":836,"ymax":319}},{"name":"helmet","bndbox":{"xmin":546,"ymin":298,"xmax":568,"ymax":326}},{"name":"helmet","bndbox":{"xmin":408,"ymin":302,"xmax":424,"ymax":322}},{"name":"helmet","bndbox":{"xmin":36,"ymin":310,"xmax":61,"ymax":335}},{"name":"helmet","bndbox":{"xmin":62,"ymin":299,"xmax":80,"ymax":346}}]},"time_labeled":1563132767957,"labeled":true,"size":{"width":960,"height":544,"depth":3}}