{"path":"F:\\2\\001711.png","outputs":{"object":[{"name":"helmet","bndbox":{"xmin":444,"ymin":342,"xmax":489,"ymax":391}},{"name":"helmet","bndbox":{"xmin":-10,"ymin":356,"xmax":60,"ymax":438}},{"name":"electrombile","bndbox":{"xmin":422,"ymin":390,"xmax":532,"ymax":516}},{"name":"electrombile","bndbox":{"xmin":316,"ymin":382,"xmax":377,"ymax":459}},{"name":"electrombile","bndbox":{"xmin":866,"ymin":349,"xmax":927,"ymax":429}}]},"time_labeled":1563131584598,"labeled":true,"size":{"width":960,"height":544,"depth":3}}