{"path":"F:\\2\\001724.png","outputs":{"object":[{"name":"electrombile","bndbox":{"xmin":88,"ymin":394,"xmax":144,"ymax":434}},{"name":"electrombile","bndbox":{"xmin":358,"ymin":378,"xmax":412,"ymax":426}},{"name":"electrombile","bndbox":{"xmin":244,"ymin":379,"xmax":304,"ymax":430}},{"name":"electrombile","bndbox":{"xmin":472,"ymin":376,"xmax":538,"ymax":431}},{"name":"electrombile","bndbox":{"xmin":610,"ymin":352,"xmax":668,"ymax":430}}]},"time_labeled":1563131872495,"labeled":true,"size":{"width":960,"height":544,"depth":3}}