{"path":"F:\\2\\001780.png","outputs":{"object":[{"name":"helmet","bndbox":{"xmin":84,"ymin":362,"xmax":118,"ymax":400}},{"name":"helmet","bndbox":{"xmin":320,"ymin":370,"xmax":336,"ymax":391}},{"name":"helmet","bndbox":{"xmin":160,"ymin":364,"xmax":185,"ymax":394}},{"name":"helmet","bndbox":{"xmin":421,"ymin":364,"xmax":450,"ymax":383}},{"name":"helmet","bndbox":{"xmin":872,"ymin":352,"xmax":908,"ymax":382}},{"name":"electrombile","bndbox":{"xmin":464,"ymin":445,"xmax":816,"ymax":544}},{"name":"electrombile","bndbox":{"xmin":292,"ymin":399,"xmax":356,"ymax":463}},{"name":"electrombile","bndbox":{"xmin":398,"ymin":398,"xmax":468,"ymax":470}},{"name":"electrombile","bndbox":{"xmin":50,"ymin":407,"xmax":133,"ymax":490}},{"name":"electrombile","bndbox":{"xmin":138,"ymin":402,"xmax":202,"ymax":482}}]},"time_labeled":1563132737197,"labeled":true,"size":{"width":960,"height":544,"depth":3}}