{"path":"F:\\2\\001748.png","outputs":{"object":[{"name":"electrombile","bndbox":{"xmin":-7,"ymin":295,"xmax":126,"ymax":430}},{"name":"electrombile","bndbox":{"xmin":224,"ymin":362,"xmax":438,"ymax":536}},{"name":"electrombile","bndbox":{"xmin":537,"ymin":298,"xmax":684,"ymax":431}},{"name":"electrombile","bndbox":{"xmin":690,"ymin":286,"xmax":757,"ymax":382}},{"name":"helmet","bndbox":{"xmin":284,"ymin":258,"xmax":358,"ymax":319}},{"name":"helmet","bndbox":{"xmin":196,"ymin":238,"xmax":237,"ymax":290}},{"name":"helmet","bndbox":{"xmin":404,"ymin":259,"xmax":458,"ymax":304}},{"name":"helmet","bndbox":{"xmin":544,"ymin":244,"xmax":584,"ymax":284}}]},"time_labeled":1563132182092,"labeled":true,"size":{"width":960,"height":544,"depth":3}}