{"path":"F:\\2\\001782.png","outputs":{"object":[{"name":"helmet","bndbox":{"xmin":274,"ymin":374,"xmax":369,"ymax":462}},{"name":"helmet","bndbox":{"xmin":89,"ymin":366,"xmax":129,"ymax":398}},{"name":"helmet","bndbox":{"xmin":156,"ymin":358,"xmax":192,"ymax":392}},{"name":"helmet","bndbox":{"xmin":876,"ymin":342,"xmax":928,"ymax":374}},{"name":"electrombile","bndbox":{"xmin":513,"ymin":382,"xmax":624,"ymax":485}},{"name":"electrombile","bndbox":{"xmin":770,"ymin":380,"xmax":840,"ymax":459}},{"name":"electrombile","bndbox":{"xmin":872,"ymin":374,"xmax":938,"ymax":458}},{"name":"electrombile","bndbox":{"xmin":124,"ymin":406,"xmax":220,"ymax":503}},{"name":"electrombile","bndbox":{"xmin":388,"ymin":400,"xmax":462,"ymax":470}}]},"time_labeled":1563132819812,"labeled":true,"size":{"width":960,"height":544,"depth":3}}