{"path":"F:\\2\\001713.png","outputs":{"object":[{"name":"helmet","bndbox":{"xmin":482,"ymin":304,"xmax":529,"ymax":366}},{"name":"helmet","bndbox":{"xmin":814,"ymin":270,"xmax":864,"ymax":315}},{"name":"electrombile","bndbox":{"xmin":588,"ymin":340,"xmax":664,"ymax":402}},{"name":"electrombile","bndbox":{"xmin":761,"ymin":315,"xmax":876,"ymax":407}},{"name":"electrombile","bndbox":{"xmin":456,"ymin":376,"xmax":604,"ymax":535}}]},"time_labeled":1563131612022,"labeled":true,"size":{"width":960,"height":544,"depth":3}}