{"path":"F:\\2\\001749.png","outputs":{"object":[{"name":"helmet","bndbox":{"xmin":37,"ymin":248,"xmax":73,"ymax":294}},{"name":"helmet","bndbox":{"xmin":173,"ymin":262,"xmax":228,"ymax":292}},{"name":"helmet","bndbox":{"xmin":76,"ymin":242,"xmax":120,"ymax":274}},{"name":"helmet","bndbox":{"xmin":318,"ymin":251,"xmax":364,"ymax":282}},{"name":"helmet","bndbox":{"xmin":778,"ymin":244,"xmax":832,"ymax":290}},{"name":"helmet","bndbox":{"xmin":728,"ymin":236,"xmax":776,"ymax":282}},{"name":"electrombile","bndbox":{"xmin":-5,"ymin":318,"xmax":129,"ymax":438}},{"name":"electrombile","bndbox":{"xmin":110,"ymin":319,"xmax":292,"ymax":455}},{"name":"electrombile","bndbox":{"xmin":277,"ymin":306,"xmax":384,"ymax":407}},{"name":"electrombile","bndbox":{"xmin":720,"ymin":326,"xmax":900,"ymax":506}}]},"time_labeled":1563132206407,"labeled":true,"size":{"width":960,"height":544,"depth":3}}