{"path":"F:\\2\\001707.png","outputs":{"object":[{"name":"helmet","bndbox":{"xmin":768,"ymin":351,"xmax":896,"ymax":482}},{"name":"helmet","bndbox":{"xmin":184,"ymin":330,"xmax":200,"ymax":356}},{"name":"electrombile","bndbox":{"xmin":156,"ymin":363,"xmax":242,"ymax":438}},{"name":"electrombile","bndbox":{"xmin":24,"ymin":360,"xmax":66,"ymax":415}},{"name":"electrombile","bndbox":{"xmin":70,"ymin":362,"xmax":129,"ymax":406}}]},"time_labeled":1563131524217,"labeled":true,"size":{"width":960,"height":544,"depth":3}}