{"path":"F:\\2\\001783.png","outputs":{"object":[{"name":"helmet","bndbox":{"xmin":532,"ymin":346,"xmax":606,"ymax":434}},{"name":"helmet","bndbox":{"xmin":742,"ymin":314,"xmax":784,"ymax":348}},{"name":"helmet","bndbox":{"xmin":288,"ymin":332,"xmax":321,"ymax":362}},{"name":"electrombile","bndbox":{"xmin":98,"ymin":376,"xmax":220,"ymax":499}},{"name":"electrombile","bndbox":{"xmin":248,"ymin":387,"xmax":353,"ymax":488}},{"name":"electrombile","bndbox":{"xmin":370,"ymin":370,"xmax":458,"ymax":474}},{"name":"electrombile","bndbox":{"xmin":662,"ymin":364,"xmax":736,"ymax":440}},{"name":"electrombile","bndbox":{"xmin":876,"ymin":358,"xmax":936,"ymax":438}}]},"time_labeled":1563132844221,"labeled":true,"size":{"width":960,"height":544,"depth":3}}