{"path":"F:\\2\\001716.png","outputs":{"object":[{"name":"helmet","bndbox":{"xmin":296,"ymin":502,"xmax":356,"ymax":542}},{"name":"helmet","bndbox":{"xmin":888,"ymin":462,"xmax":930,"ymax":510}},{"name":"helmet","bndbox":{"xmin":616,"ymin":488,"xmax":661,"ymax":526}},{"name":"helmet","bndbox":{"xmin":468,"ymin":502,"xmax":524,"ymax":538}},{"name":"helmet","bndbox":{"xmin":830,"ymin":474,"xmax":864,"ymax":510}}]},"time_labeled":1563131647692,"labeled":true,"size":{"width":960,"height":544,"depth":3}}