{"path":"F:\\2\\001718.png","outputs":{"object":[{"name":"electrombile","bndbox":{"xmin":234,"ymin":402,"xmax":426,"ymax":531}},{"name":"electrombile","bndbox":{"xmin":408,"ymin":398,"xmax":549,"ymax":508}},{"name":"electrombile","bndbox":{"xmin":542,"ymin":382,"xmax":610,"ymax":450}},{"name":"electrombile","bndbox":{"xmin":608,"ymin":374,"xmax":684,"ymax":450}},{"name":"electrombile","bndbox":{"xmin":653,"ymin":386,"xmax":818,"ymax":494}},{"name":"electrombile","bndbox":{"xmin":848,"ymin":383,"xmax":956,"ymax":490}},{"name":"helmet","bndbox":{"xmin":928,"ymin":320,"xmax":951,"ymax":364}},{"name":"helmet","bndbox":{"xmin":732,"ymin":326,"xmax":772,"ymax":366}},{"name":"helmet","bndbox":{"xmin":432,"ymin":336,"xmax":468,"ymax":384}},{"name":"helmet","bndbox":{"xmin":313,"ymin":356,"xmax":364,"ymax":395}},{"name":"helmet","bndbox":{"xmin":344,"ymin":342,"xmax":388,"ymax":382}},{"name":"helmet","bndbox":{"xmin":-11,"ymin":370,"xmax":26,"ymax":410}},{"name":"electrombile","bndbox":{"xmin":160,"ymin":386,"xmax":208,"ymax":451}}]},"time_labeled":1563131738055,"labeled":true,"size":{"width":960,"height":544,"depth":3}}