{"path":"F:\\2\\001763.png","outputs":{"object":[{"name":"helmet","bndbox":{"xmin":801,"ymin":190,"xmax":912,"ymax":262}},{"name":"helmet","bndbox":{"xmin":301,"ymin":206,"xmax":333,"ymax":238}},{"name":"electrombile","bndbox":{"xmin":344,"ymin":250,"xmax":412,"ymax":318}},{"name":"electrombile","bndbox":{"xmin":712,"ymin":230,"xmax":944,"ymax":538}},{"name":"electrombile","bndbox":{"xmin":180,"ymin":244,"xmax":252,"ymax":308}}]},"time_labeled":1563132429117,"labeled":true,"size":{"width":960,"height":544,"depth":3}}