{"path":"F:\\2\\001853.png","outputs":{"object":[{"name":"helmet","bndbox":{"xmin":36,"ymin":268,"xmax":101,"ymax":318}},{"name":"helmet","bndbox":{"xmin":380,"ymin":260,"xmax":424,"ymax":314}},{"name":"helmet","bndbox":{"xmin":756,"ymin":266,"xmax":816,"ymax":298}},{"name":"electrombile","bndbox":{"xmin":732,"ymin":303,"xmax":860,"ymax":434}},{"name":"electrombile","bndbox":{"xmin":-1,"ymin":330,"xmax":188,"ymax":467}},{"name":"person","bndbox":{"xmin":197,"ymin":234,"xmax":348,"ymax":542}},{"name":"person","bndbox":{"xmin":390,"ymin":130,"xmax":744,"ymax":555}}]},"time_labeled":1563133779253,"labeled":true,"size":{"width":960,"height":544,"depth":3}}