{"path":"F:\\2\\001861.png","outputs":{"object":[{"name":"electrombile","bndbox":{"xmin":166,"ymin":374,"xmax":272,"ymax":474}},{"name":"electrombile","bndbox":{"xmin":801,"ymin":362,"xmax":880,"ymax":458}},{"name":"electrombile","bndbox":{"xmin":888,"ymin":352,"xmax":956,"ymax":466}},{"name":"electrombile","bndbox":{"xmin":532,"ymin":364,"xmax":600,"ymax":448}},{"name":"helmet","bndbox":{"xmin":817,"ymin":320,"xmax":856,"ymax":354}},{"name":"helmet","bndbox":{"xmin":184,"ymin":338,"xmax":238,"ymax":367}},{"name":"helmet","bndbox":{"xmin":740,"ymin":334,"xmax":764,"ymax":354}},{"name":"helmet","bndbox":{"xmin":892,"ymin":310,"xmax":932,"ymax":346}},{"name":"helmet","bndbox":{"xmin":369,"ymin":338,"xmax":392,"ymax":366}},{"name":"helmet","bndbox":{"xmin":540,"ymin":327,"xmax":565,"ymax":356}},{"name":"helmet","bndbox":{"xmin":504,"ymin":335,"xmax":528,"ymax":358}},{"name":"helmet","bndbox":{"xmin":348,"ymin":344,"xmax":376,"ymax":366}}]},"time_labeled":1563133998237,"labeled":true,"size":{"width":960,"height":544,"depth":3}}