{"path":"F:\\2\\001858.png","outputs":{"object":[{"name":"helmet","bndbox":{"xmin":516,"ymin":230,"xmax":552,"ymax":262}},{"name":"helmet","bndbox":{"xmin":666,"ymin":230,"xmax":704,"ymax":267}},{"name":"helmet","bndbox":{"xmin":856,"ymin":228,"xmax":900,"ymax":272}},{"name":"helmet","bndbox":{"xmin":196,"ymin":270,"xmax":228,"ymax":306}},{"name":"electrombile","bndbox":{"xmin":159,"ymin":319,"xmax":345,"ymax":465}},{"name":"electrombile","bndbox":{"xmin":817,"ymin":266,"xmax":964,"ymax":419}},{"name":"electrombile","bndbox":{"xmin":680,"ymin":271,"xmax":810,"ymax":416}},{"name":"electrombile","bndbox":{"xmin":497,"ymin":279,"xmax":605,"ymax":388}},{"name":"electrombile","bndbox":{"xmin":362,"ymin":290,"xmax":457,"ymax":383}}]},"time_labeled":1563133892965,"labeled":true,"size":{"width":960,"height":544,"depth":3}}