{"path":"F:\\2\\001826.png","outputs":{"object":[{"name":"helmet","bndbox":{"xmin":292,"ymin":240,"xmax":356,"ymax":304}},{"name":"helmet","bndbox":{"xmin":468,"ymin":218,"xmax":536,"ymax":280}},{"name":"helmet","bndbox":{"xmin":596,"ymin":226,"xmax":624,"ymax":258}},{"name":"helmet","bndbox":{"xmin":764,"ymin":214,"xmax":812,"ymax":254}},{"name":"electrombile","bndbox":{"xmin":700,"ymin":254,"xmax":868,"ymax":374}},{"name":"electrombile","bndbox":{"xmin":449,"ymin":298,"xmax":580,"ymax":458}},{"name":"electrombile","bndbox":{"xmin":244,"ymin":306,"xmax":416,"ymax":535}}]},"time_labeled":1563133589380,"labeled":true,"size":{"width":960,"height":544,"depth":3}}