{"path":"F:\\2\\001816.png","outputs":{"object":[{"name":"helmet","bndbox":{"xmin":758,"ymin":190,"xmax":816,"ymax":260}},{"name":"helmet","bndbox":{"xmin":596,"ymin":202,"xmax":629,"ymax":230}},{"name":"helmet","bndbox":{"xmin":434,"ymin":204,"xmax":468,"ymax":244}},{"name":"helmet","bndbox":{"xmin":248,"ymin":208,"xmax":277,"ymax":246}},{"name":"helmet","bndbox":{"xmin":306,"ymin":208,"xmax":341,"ymax":243}},{"name":"electrombile","bndbox":{"xmin":208,"ymin":250,"xmax":320,"ymax":350}},{"name":"electrombile","bndbox":{"xmin":580,"ymin":238,"xmax":676,"ymax":327}},{"name":"electrombile","bndbox":{"xmin":676,"ymin":232,"xmax":768,"ymax":326}},{"name":"electrombile","bndbox":{"xmin":202,"ymin":298,"xmax":636,"ymax":550}}]},"time_labeled":1563133381198,"labeled":true,"size":{"width":960,"height":544,"depth":3}}