{"path":"F:\\2\\001814.png","outputs":{"object":[{"name":"helmet","bndbox":{"xmin":798,"ymin":170,"xmax":882,"ymax":248}},{"name":"helmet","bndbox":{"xmin":665,"ymin":162,"xmax":724,"ymax":203}},{"name":"helmet","bndbox":{"xmin":300,"ymin":174,"xmax":336,"ymax":206}},{"name":"helmet","bndbox":{"xmin":256,"ymin":198,"xmax":280,"ymax":230}},{"name":"electrombile","bndbox":{"xmin":274,"ymin":259,"xmax":657,"ymax":527}},{"name":"electrombile","bndbox":{"xmin":650,"ymin":214,"xmax":746,"ymax":296}}]},"time_labeled":1563133336973,"labeled":true,"size":{"width":960,"height":544,"depth":3}}