{"path":"F:\\2\\001872.png","outputs":{"object":[{"name":"helmet","bndbox":{"xmin":516,"ymin":178,"xmax":626,"ymax":282}},{"name":"helmet","bndbox":{"xmin":678,"ymin":204,"xmax":792,"ymax":294}},{"name":"helmet","bndbox":{"xmin":452,"ymin":190,"xmax":513,"ymax":250}},{"name":"helmet","bndbox":{"xmin":836,"ymin":182,"xmax":864,"ymax":223}},{"name":"electrombile","bndbox":{"xmin":801,"ymin":250,"xmax":940,"ymax":382}}]},"time_labeled":1563134179898,"labeled":true,"size":{"width":960,"height":544,"depth":3}}