{"path":"F:\\2\\001827.png","outputs":{"object":[{"name":"electrombile","bndbox":{"xmin":40,"ymin":355,"xmax":306,"ymax":562}},{"name":"electrombile","bndbox":{"xmin":329,"ymin":304,"xmax":513,"ymax":494}},{"name":"electrombile","bndbox":{"xmin":480,"ymin":262,"xmax":632,"ymax":400}},{"name":"electrombile","bndbox":{"xmin":620,"ymin":276,"xmax":804,"ymax":383}},{"name":"helmet","bndbox":{"xmin":388,"ymin":226,"xmax":452,"ymax":284}},{"name":"helmet","bndbox":{"xmin":100,"ymin":228,"xmax":208,"ymax":306}},{"name":"helmet","bndbox":{"xmin":260,"ymin":242,"xmax":304,"ymax":275}},{"name":"helmet","bndbox":{"xmin":332,"ymin":234,"xmax":372,"ymax":276}}]},"time_labeled":1563133608813,"labeled":true,"size":{"width":960,"height":544,"depth":3}}