{"path":"F:\\2\\001882.png","outputs":{"object":[{"name":"helmet","bndbox":{"xmin":810,"ymin":235,"xmax":840,"ymax":264}},{"name":"helmet","bndbox":{"xmin":872,"ymin":242,"xmax":896,"ymax":266}},{"name":"helmet","bndbox":{"xmin":113,"ymin":250,"xmax":126,"ymax":279}},{"name":"electrombile","bndbox":{"xmin":94,"ymin":303,"xmax":168,"ymax":386}},{"name":"electrombile","bndbox":{"xmin":853,"ymin":290,"xmax":948,"ymax":382}},{"name":"electrombile","bndbox":{"xmin":786,"ymin":290,"xmax":860,"ymax":370}}]},"time_labeled":1563134270364,"labeled":true,"size":{"width":960,"height":544,"depth":3}}