{"path":"F:\\2\\001870.png","outputs":{"object":[{"name":"helmet","bndbox":{"xmin":144,"ymin":234,"xmax":212,"ymax":302}},{"name":"helmet","bndbox":{"xmin":309,"ymin":250,"xmax":376,"ymax":302}},{"name":"helmet","bndbox":{"xmin":436,"ymin":259,"xmax":472,"ymax":302}},{"name":"helmet","bndbox":{"xmin":729,"ymin":250,"xmax":776,"ymax":296}},{"name":"helmet","bndbox":{"xmin":832,"ymin":242,"xmax":874,"ymax":290}},{"name":"electrombile","bndbox":{"xmin":805,"ymin":294,"xmax":942,"ymax":446}},{"name":"electrombile","bndbox":{"xmin":690,"ymin":294,"xmax":812,"ymax":438}},{"name":"electrombile","bndbox":{"xmin":257,"ymin":346,"xmax":434,"ymax":514}},{"name":"electrombile","bndbox":{"xmin":412,"ymin":330,"xmax":484,"ymax":428}},{"name":"electrombile","bndbox":{"xmin":130,"ymin":338,"xmax":250,"ymax":460}}]},"time_labeled":1563134153829,"labeled":true,"size":{"width":960,"height":544,"depth":3}}