{"path":"F:\\2\\001860.png","outputs":{"object":[{"name":"helmet","bndbox":{"xmin":460,"ymin":326,"xmax":534,"ymax":400}},{"name":"helmet","bndbox":{"xmin":646,"ymin":306,"xmax":697,"ymax":336}},{"name":"helmet","bndbox":{"xmin":848,"ymin":295,"xmax":888,"ymax":316}},{"name":"electrombile","bndbox":{"xmin":816,"ymin":340,"xmax":944,"ymax":422}},{"name":"electrombile","bndbox":{"xmin":616,"ymin":360,"xmax":732,"ymax":470}},{"name":"electrombile","bndbox":{"xmin":292,"ymin":386,"xmax":669,"ymax":546}},{"name":"electrombile","bndbox":{"xmin":268,"ymin":364,"xmax":348,"ymax":430}},{"name":"electrombile","bndbox":{"xmin":9,"ymin":374,"xmax":153,"ymax":472}},{"name":"electrombile","bndbox":{"xmin":576,"ymin":351,"xmax":621,"ymax":414}},{"name":"helmet","bndbox":{"xmin":44,"ymin":322,"xmax":92,"ymax":354}}]},"time_labeled":1563133950194,"labeled":true,"size":{"width":960,"height":544,"depth":3}}