{"path":"F:\\2\\001825.png","outputs":{"object":[{"name":"electrombile","bndbox":{"xmin":368,"ymin":286,"xmax":504,"ymax":484}},{"name":"electrombile","bndbox":{"xmin":-1,"ymin":280,"xmax":108,"ymax":378}},{"name":"electrombile","bndbox":{"xmin":624,"ymin":259,"xmax":721,"ymax":410}},{"name":"electrombile","bndbox":{"xmin":767,"ymin":244,"xmax":896,"ymax":370}},{"name":"electrombile","bndbox":{"xmin":864,"ymin":322,"xmax":876,"ymax":322}},{"name":"helmet","bndbox":{"xmin":858,"ymin":210,"xmax":890,"ymax":246}},{"name":"helmet","bndbox":{"xmin":926,"ymin":198,"xmax":953,"ymax":242}},{"name":"helmet","bndbox":{"xmin":654,"ymin":206,"xmax":697,"ymax":268}},{"name":"helmet","bndbox":{"xmin":382,"ymin":202,"xmax":412,"ymax":264}},{"name":"helmet","bndbox":{"xmin":13,"ymin":242,"xmax":76,"ymax":292}},{"name":"helmet","bndbox":{"xmin":224,"ymin":226,"xmax":248,"ymax":262}}]},"time_labeled":1563133562165,"labeled":true,"size":{"width":960,"height":544,"depth":3}}