{"path":"F:\\2\\001854.png","outputs":{"object":[{"name":"person","bndbox":{"xmin":728,"ymin":142,"xmax":972,"ymax":542}},{"name":"person","bndbox":{"xmin":256,"ymin":223,"xmax":413,"ymax":534}},{"name":"helmet","bndbox":{"xmin":457,"ymin":252,"xmax":496,"ymax":286}},{"name":"helmet","bndbox":{"xmin":766,"ymin":234,"xmax":805,"ymax":282}},{"name":"helmet","bndbox":{"xmin":556,"ymin":246,"xmax":585,"ymax":282}},{"name":"helmet","bndbox":{"xmin":184,"ymin":272,"xmax":228,"ymax":314}},{"name":"helmet","bndbox":{"xmin":236,"ymin":250,"xmax":284,"ymax":302}},{"name":"electrombile","bndbox":{"xmin":102,"ymin":330,"xmax":314,"ymax":511}},{"name":"electrombile","bndbox":{"xmin":402,"ymin":286,"xmax":572,"ymax":430}},{"name":"electrombile","bndbox":{"xmin":534,"ymin":274,"xmax":648,"ymax":394}}]},"time_labeled":1563133803644,"labeled":true,"size":{"width":960,"height":544,"depth":3}}