{"path":"F:\\2\\001813.png","outputs":{"object":[{"name":"electrombile","bndbox":{"xmin":321,"ymin":261,"xmax":673,"ymax":502}},{"name":"electrombile","bndbox":{"xmin":716,"ymin":195,"xmax":792,"ymax":267}},{"name":"electrombile","bndbox":{"xmin":560,"ymin":202,"xmax":656,"ymax":282}},{"name":"helmet","bndbox":{"xmin":825,"ymin":162,"xmax":913,"ymax":242}},{"name":"helmet","bndbox":{"xmin":592,"ymin":164,"xmax":629,"ymax":194}}]},"time_labeled":1563133322812,"labeled":true,"size":{"width":960,"height":544,"depth":3}}