{"path":"F:\\2\\001855.png","outputs":{"object":[{"name":"electrombile","bndbox":{"xmin":530,"ymin":306,"xmax":742,"ymax":466}},{"name":"electrombile","bndbox":{"xmin":708,"ymin":280,"xmax":872,"ymax":394}},{"name":"electrombile","bndbox":{"xmin":-11,"ymin":350,"xmax":278,"ymax":546}},{"name":"helmet","bndbox":{"xmin":21,"ymin":254,"xmax":84,"ymax":307}},{"name":"helmet","bndbox":{"xmin":77,"ymin":278,"xmax":142,"ymax":334}},{"name":"helmet","bndbox":{"xmin":137,"ymin":264,"xmax":200,"ymax":322}},{"name":"helmet","bndbox":{"xmin":548,"ymin":242,"xmax":604,"ymax":295}},{"name":"helmet","bndbox":{"xmin":601,"ymin":250,"xmax":644,"ymax":290}},{"name":"helmet","bndbox":{"xmin":754,"ymin":226,"xmax":812,"ymax":284}}]},"time_labeled":1563133822829,"labeled":true,"size":{"width":960,"height":544,"depth":3}}