{"path":"F:\\2\\001867.png","outputs":{"object":[{"name":"helmet","bndbox":{"xmin":14,"ymin":234,"xmax":56,"ymax":283}},{"name":"helmet","bndbox":{"xmin":92,"ymin":224,"xmax":144,"ymax":270}},{"name":"helmet","bndbox":{"xmin":228,"ymin":220,"xmax":262,"ymax":260}},{"name":"helmet","bndbox":{"xmin":262,"ymin":214,"xmax":301,"ymax":250}},{"name":"electrombile","bndbox":{"xmin":228,"ymin":271,"xmax":365,"ymax":403}},{"name":"electrombile","bndbox":{"xmin":349,"ymin":274,"xmax":426,"ymax":367}}]},"time_labeled":1563134092003,"labeled":true,"size":{"width":960,"height":544,"depth":3}}