{"path":"F:\\2\\001857.png","outputs":{"object":[{"name":"electrombile","bndbox":{"xmin":600,"ymin":296,"xmax":808,"ymax":458}},{"name":"electrombile","bndbox":{"xmin":485,"ymin":310,"xmax":642,"ymax":450}},{"name":"electrombile","bndbox":{"xmin":260,"ymin":301,"xmax":405,"ymax":444}},{"name":"helmet","bndbox":{"xmin":300,"ymin":246,"xmax":336,"ymax":282}},{"name":"helmet","bndbox":{"xmin":660,"ymin":242,"xmax":698,"ymax":290}},{"name":"helmet","bndbox":{"xmin":550,"ymin":243,"xmax":580,"ymax":294}},{"name":"helmet","bndbox":{"xmin":500,"ymin":238,"xmax":532,"ymax":283}}]},"time_labeled":1563133871115,"labeled":true,"size":{"width":960,"height":544,"depth":3}}