{"path":"F:\\2\\001817.png","outputs":{"object":[{"name":"electrombile","bndbox":{"xmin":138,"ymin":294,"xmax":552,"ymax":534}},{"name":"electrombile","bndbox":{"xmin":436,"ymin":254,"xmax":528,"ymax":367}},{"name":"electrombile","bndbox":{"xmin":0,"ymin":258,"xmax":69,"ymax":328}},{"name":"electrombile","bndbox":{"xmin":196,"ymin":254,"xmax":269,"ymax":331}},{"name":"helmet","bndbox":{"xmin":697,"ymin":198,"xmax":774,"ymax":270}},{"name":"helmet","bndbox":{"xmin":524,"ymin":206,"xmax":552,"ymax":242}},{"name":"helmet","bndbox":{"xmin":464,"ymin":206,"xmax":490,"ymax":239}},{"name":"helmet","bndbox":{"xmin":488,"ymin":191,"xmax":516,"ymax":238}},{"name":"helmet","bndbox":{"xmin":421,"ymin":199,"xmax":456,"ymax":246}}]},"time_labeled":1563133405404,"labeled":true,"size":{"width":960,"height":544,"depth":3}}