{"path":"F:\\2\\001830.png","outputs":{"object":[{"name":"helmet","bndbox":{"xmin":564,"ymin":256,"xmax":612,"ymax":302}},{"name":"helmet","bndbox":{"xmin":800,"ymin":236,"xmax":844,"ymax":283}},{"name":"electrombile","bndbox":{"xmin":500,"ymin":282,"xmax":653,"ymax":403}},{"name":"electrombile","bndbox":{"xmin":721,"ymin":286,"xmax":928,"ymax":402}},{"name":"electrombile","bndbox":{"xmin":0,"ymin":302,"xmax":141,"ymax":419}}]},"time_labeled":1563133649299,"labeled":true,"size":{"width":960,"height":544,"depth":3}}