{"path":"F:\\2\\001820.png","outputs":{"object":[{"name":"electrombile","bndbox":{"xmin":464,"ymin":302,"xmax":652,"ymax":486}},{"name":"electrombile","bndbox":{"xmin":820,"ymin":278,"xmax":945,"ymax":426}},{"name":"helmet","bndbox":{"xmin":509,"ymin":190,"xmax":570,"ymax":275}},{"name":"helmet","bndbox":{"xmin":901,"ymin":194,"xmax":948,"ymax":274}},{"name":"helmet","bndbox":{"xmin":769,"ymin":212,"xmax":810,"ymax":276}},{"name":"helmet","bndbox":{"xmin":608,"ymin":207,"xmax":672,"ymax":278}},{"name":"helmet","bndbox":{"xmin":289,"ymin":238,"xmax":336,"ymax":286}},{"name":"helmet","bndbox":{"xmin":173,"ymin":252,"xmax":264,"ymax":322}}]},"time_labeled":1563133476220,"labeled":true,"size":{"width":960,"height":544,"depth":3}}