{"path":"F:\\2\\001809.png","outputs":{"object":[{"name":"electrombile","bndbox":{"xmin":308,"ymin":256,"xmax":613,"ymax":487}},{"name":"electrombile","bndbox":{"xmin":694,"ymin":306,"xmax":960,"ymax":562}},{"name":"helmet","bndbox":{"xmin":588,"ymin":168,"xmax":672,"ymax":224}},{"name":"helmet","bndbox":{"xmin":740,"ymin":171,"xmax":812,"ymax":246}},{"name":"helmet","bndbox":{"xmin":830,"ymin":194,"xmax":924,"ymax":298}}]},"time_labeled":1563133252478,"labeled":true,"size":{"width":960,"height":544,"depth":3}}