{"path":"F:\\2\\001862.png","outputs":{"object":[{"name":"helmet","bndbox":{"xmin":328,"ymin":336,"xmax":361,"ymax":362}},{"name":"helmet","bndbox":{"xmin":636,"ymin":330,"xmax":676,"ymax":350}},{"name":"helmet","bndbox":{"xmin":736,"ymin":338,"xmax":756,"ymax":358}},{"name":"helmet","bndbox":{"xmin":573,"ymin":334,"xmax":597,"ymax":356}},{"name":"electrombile","bndbox":{"xmin":564,"ymin":371,"xmax":616,"ymax":430}},{"name":"electrombile","bndbox":{"xmin":636,"ymin":362,"xmax":697,"ymax":430}}]},"time_labeled":1563134013819,"labeled":true,"size":{"width":960,"height":544,"depth":3}}