{"path":"F:\\2\\001856.png","outputs":{"object":[{"name":"helmet","bndbox":{"xmin":37,"ymin":264,"xmax":97,"ymax":312}},{"name":"helmet","bndbox":{"xmin":306,"ymin":244,"xmax":356,"ymax":282}},{"name":"helmet","bndbox":{"xmin":368,"ymin":251,"xmax":420,"ymax":306}},{"name":"helmet","bndbox":{"xmin":413,"ymin":256,"xmax":465,"ymax":308}},{"name":"electrombile","bndbox":{"xmin":-9,"ymin":318,"xmax":188,"ymax":486}},{"name":"electrombile","bndbox":{"xmin":346,"ymin":322,"xmax":601,"ymax":504}}]},"time_labeled":1563133846068,"labeled":true,"size":{"width":960,"height":544,"depth":3}}