{"path":"F:\\2\\001869.png","outputs":{"object":[{"name":"electrombile","bndbox":{"xmin":637,"ymin":303,"xmax":788,"ymax":475}},{"name":"electrombile","bndbox":{"xmin":390,"ymin":324,"xmax":506,"ymax":449}},{"name":"helmet","bndbox":{"xmin":2,"ymin":266,"xmax":62,"ymax":322}},{"name":"helmet","bndbox":{"xmin":660,"ymin":247,"xmax":709,"ymax":298}},{"name":"helmet","bndbox":{"xmin":422,"ymin":256,"xmax":456,"ymax":295}},{"name":"helmet","bndbox":{"xmin":70,"ymin":261,"xmax":120,"ymax":312}},{"name":"helmet","bndbox":{"xmin":504,"ymin":258,"xmax":538,"ymax":300}}]},"time_labeled":1563134131282,"labeled":true,"size":{"width":960,"height":544,"depth":3}}