{"path":"F:\\2\\001818.png","outputs":{"object":[{"name":"helmet","bndbox":{"xmin":340,"ymin":206,"xmax":373,"ymax":254}},{"name":"helmet","bndbox":{"xmin":296,"ymin":202,"xmax":320,"ymax":235}},{"name":"helmet","bndbox":{"xmin":472,"ymin":202,"xmax":521,"ymax":247}},{"name":"helmet","bndbox":{"xmin":524,"ymin":208,"xmax":578,"ymax":280}},{"name":"helmet","bndbox":{"xmin":588,"ymin":190,"xmax":634,"ymax":240}},{"name":"helmet","bndbox":{"xmin":696,"ymin":191,"xmax":714,"ymax":230}},{"name":"electrombile","bndbox":{"xmin":654,"ymin":226,"xmax":754,"ymax":336}},{"name":"electrombile","bndbox":{"xmin":304,"ymin":256,"xmax":418,"ymax":362}},{"name":"electrombile","bndbox":{"xmin":0,"ymin":303,"xmax":370,"ymax":554}}]},"time_labeled":1563133429564,"labeled":true,"size":{"width":960,"height":544,"depth":3}}