{"path":"F:\\2\\001868.png","outputs":{"object":[{"name":"helmet","bndbox":{"xmin":249,"ymin":262,"xmax":314,"ymax":322}},{"name":"helmet","bndbox":{"xmin":300,"ymin":254,"xmax":352,"ymax":298}},{"name":"helmet","bndbox":{"xmin":392,"ymin":250,"xmax":440,"ymax":299}},{"name":"helmet","bndbox":{"xmin":436,"ymin":250,"xmax":472,"ymax":291}},{"name":"electrombile","bndbox":{"xmin":512,"ymin":294,"xmax":612,"ymax":415}},{"name":"electrombile","bndbox":{"xmin":198,"ymin":346,"xmax":452,"ymax":539}}]},"time_labeled":1563134111932,"labeled":true,"size":{"width":960,"height":544,"depth":3}}