{"path":"F:\\2\\001815.png","outputs":{"object":[{"name":"electrombile","bndbox":{"xmin":474,"ymin":165,"xmax":568,"ymax":253}},{"name":"electrombile","bndbox":{"xmin":28,"ymin":195,"xmax":124,"ymax":278}},{"name":"electrombile","bndbox":{"xmin":178,"ymin":171,"xmax":244,"ymax":258}},{"name":"electrombile","bndbox":{"xmin":202,"ymin":234,"xmax":572,"ymax":484}},{"name":"helmet","bndbox":{"xmin":745,"ymin":114,"xmax":818,"ymax":194}},{"name":"helmet","bndbox":{"xmin":476,"ymin":127,"xmax":516,"ymax":158}},{"name":"helmet","bndbox":{"xmin":297,"ymin":131,"xmax":317,"ymax":164}},{"name":"helmet","bndbox":{"xmin":56,"ymin":142,"xmax":102,"ymax":174}},{"name":"helmet","bndbox":{"xmin":197,"ymin":146,"xmax":229,"ymax":178}}]},"time_labeled":1563133360075,"labeled":true,"size":{"width":960,"height":544,"depth":3}}