{"path":"F:\\2\\001864.png","outputs":{"object":[{"name":"electrombile","bndbox":{"xmin":682,"ymin":398,"xmax":950,"ymax":538}},{"name":"electrombile","bndbox":{"xmin":25,"ymin":386,"xmax":116,"ymax":482}},{"name":"electrombile","bndbox":{"xmin":148,"ymin":376,"xmax":192,"ymax":430}},{"name":"electrombile","bndbox":{"xmin":197,"ymin":370,"xmax":284,"ymax":470}},{"name":"electrombile","bndbox":{"xmin":344,"ymin":376,"xmax":404,"ymax":442}},{"name":"helmet","bndbox":{"xmin":734,"ymin":320,"xmax":834,"ymax":382}}]},"time_labeled":1563134044091,"labeled":true,"size":{"width":960,"height":544,"depth":3}}