{"path":"F:\\2\\001819.png","outputs":{"object":[{"name":"helmet","bndbox":{"xmin":340,"ymin":230,"xmax":417,"ymax":316}},{"name":"helmet","bndbox":{"xmin":724,"ymin":226,"xmax":864,"ymax":322}},{"name":"helmet","bndbox":{"xmin":910,"ymin":196,"xmax":948,"ymax":274}},{"name":"helmet","bndbox":{"xmin":505,"ymin":218,"xmax":536,"ymax":263}},{"name":"helmet","bndbox":{"xmin":460,"ymin":234,"xmax":500,"ymax":274}},{"name":"helmet","bndbox":{"xmin":258,"ymin":226,"xmax":288,"ymax":258}},{"name":"helmet","bndbox":{"xmin":662,"ymin":230,"xmax":701,"ymax":278}},{"name":"electrombile","bndbox":{"xmin":452,"ymin":290,"xmax":636,"ymax":462}},{"name":"electrombile","bndbox":{"xmin":602,"ymin":280,"xmax":721,"ymax":402}},{"name":"electrombile","bndbox":{"xmin":616,"ymin":354,"xmax":962,"ymax":550}}]},"time_labeled":1563133457628,"labeled":true,"size":{"width":960,"height":544,"depth":3}}