{"path":"F:\\2\\001859.png","outputs":{"object":[{"name":"electrombile","bndbox":{"xmin":778,"ymin":256,"xmax":885,"ymax":378}},{"name":"electrombile","bndbox":{"xmin":657,"ymin":266,"xmax":754,"ymax":364}},{"name":"electrombile","bndbox":{"xmin":468,"ymin":286,"xmax":592,"ymax":410}},{"name":"electrombile","bndbox":{"xmin":320,"ymin":284,"xmax":450,"ymax":438}},{"name":"electrombile","bndbox":{"xmin":220,"ymin":266,"xmax":336,"ymax":392}},{"name":"electrombile","bndbox":{"xmin":126,"ymin":286,"xmax":220,"ymax":394}},{"name":"helmet","bndbox":{"xmin":152,"ymin":235,"xmax":189,"ymax":270}},{"name":"helmet","bndbox":{"xmin":256,"ymin":226,"xmax":301,"ymax":266}},{"name":"helmet","bndbox":{"xmin":368,"ymin":240,"xmax":406,"ymax":290}},{"name":"helmet","bndbox":{"xmin":676,"ymin":222,"xmax":716,"ymax":251}},{"name":"helmet","bndbox":{"xmin":804,"ymin":212,"xmax":844,"ymax":244}},{"name":"helmet","bndbox":{"xmin":517,"ymin":227,"xmax":568,"ymax":275}}]},"time_labeled":1563133923612,"labeled":true,"size":{"width":960,"height":544,"depth":3}}