{"path":"F:\\2\\001806.png","outputs":{"object":[{"name":"helmet","bndbox":{"xmin":821,"ymin":146,"xmax":920,"ymax":243}},{"name":"helmet","bndbox":{"xmin":684,"ymin":154,"xmax":736,"ymax":222}},{"name":"helmet","bndbox":{"xmin":84,"ymin":198,"xmax":143,"ymax":254}},{"name":"electrombile","bndbox":{"xmin":8,"ymin":288,"xmax":307,"ymax":464}},{"name":"electrombile","bndbox":{"xmin":404,"ymin":238,"xmax":689,"ymax":462}},{"name":"electrombile","bndbox":{"xmin":593,"ymin":212,"xmax":843,"ymax":384}}]},"time_labeled":1563133211109,"labeled":true,"size":{"width":960,"height":544,"depth":3}}