{"path":"F:\\2\\001974.png","outputs":{"object":[{"name":"helmet","bndbox":{"xmin":200,"ymin":240,"xmax":230,"ymax":270}},{"name":"helmet","bndbox":{"xmin":330,"ymin":247,"xmax":386,"ymax":295}},{"name":"helmet","bndbox":{"xmin":934,"ymin":238,"xmax":952,"ymax":262}},{"name":"electrombile","bndbox":{"xmin":884,"ymin":259,"xmax":964,"ymax":320}},{"name":"electrombile","bndbox":{"xmin":384,"ymin":268,"xmax":468,"ymax":328}},{"name":"electrombile","bndbox":{"xmin":168,"ymin":267,"xmax":260,"ymax":330}},{"name":"electrombile","bndbox":{"xmin":289,"ymin":302,"xmax":416,"ymax":470}}]},"time_labeled":1563135401146,"labeled":true,"size":{"width":960,"height":544,"depth":3}}