{"path":"F:\\2\\001940.png","outputs":{"object":[{"name":"helmet","bndbox":{"xmin":262,"ymin":119,"xmax":296,"ymax":159}},{"name":"helmet","bndbox":{"xmin":64,"ymin":134,"xmax":92,"ymax":154}},{"name":"helmet","bndbox":{"xmin":12,"ymin":134,"xmax":40,"ymax":158}},{"name":"electrombile","bndbox":{"xmin":125,"ymin":163,"xmax":208,"ymax":230}},{"name":"electrombile","bndbox":{"xmin":-3,"ymin":175,"xmax":46,"ymax":240}}]},"time_labeled":1563134989211,"labeled":true,"size":{"width":960,"height":544,"depth":3}}