{"path":"F:\\2\\001945.png","outputs":{"object":[{"name":"electrombile","bndbox":{"xmin":214,"ymin":378,"xmax":680,"ymax":554}},{"name":"electrombile","bndbox":{"xmin":634,"ymin":360,"xmax":956,"ymax":547}},{"name":"electrombile","bndbox":{"xmin":644,"ymin":318,"xmax":744,"ymax":414}},{"name":"electrombile","bndbox":{"xmin":556,"ymin":314,"xmax":614,"ymax":382}},{"name":"electrombile","bndbox":{"xmin":518,"ymin":307,"xmax":577,"ymax":378}},{"name":"electrombile","bndbox":{"xmin":288,"ymin":322,"xmax":352,"ymax":375}},{"name":"electrombile","bndbox":{"xmin":214,"ymin":307,"xmax":268,"ymax":366}},{"name":"helmet","bndbox":{"xmin":388,"ymin":254,"xmax":489,"ymax":350}},{"name":"helmet","bndbox":{"xmin":752,"ymin":254,"xmax":864,"ymax":354}},{"name":"helmet","bndbox":{"xmin":661,"ymin":262,"xmax":708,"ymax":299}},{"name":"helmet","bndbox":{"xmin":304,"ymin":282,"xmax":332,"ymax":303}}]},"time_labeled":1563135083820,"labeled":true,"size":{"width":960,"height":544,"depth":3}}