{"path":"F:\\2\\001943.png","outputs":{"object":[{"name":"helmet","bndbox":{"xmin":312,"ymin":199,"xmax":392,"ymax":280}},{"name":"electrombile","bndbox":{"xmin":152,"ymin":326,"xmax":741,"ymax":548}},{"name":"electrombile","bndbox":{"xmin":394,"ymin":239,"xmax":461,"ymax":320}},{"name":"electrombile","bndbox":{"xmin":206,"ymin":262,"xmax":250,"ymax":319}},{"name":"electrombile","bndbox":{"xmin":84,"ymin":263,"xmax":125,"ymax":314}},{"name":"electrombile","bndbox":{"xmin":620,"ymin":249,"xmax":669,"ymax":293}}]},"time_labeled":1563135036557,"labeled":true,"size":{"width":960,"height":544,"depth":3}}