{"path":"F:\\2\\001944.png","outputs":{"object":[{"name":"helmet","bndbox":{"xmin":420,"ymin":314,"xmax":500,"ymax":387}},{"name":"helmet","bndbox":{"xmin":500,"ymin":319,"xmax":529,"ymax":359}},{"name":"helmet","bndbox":{"xmin":240,"ymin":327,"xmax":266,"ymax":366}},{"name":"electrombile","bndbox":{"xmin":229,"ymin":366,"xmax":276,"ymax":422}},{"name":"electrombile","bndbox":{"xmin":208,"ymin":414,"xmax":701,"ymax":538}},{"name":"electrombile","bndbox":{"xmin":485,"ymin":358,"xmax":558,"ymax":438}}]},"time_labeled":1563135057587,"labeled":true,"size":{"width":960,"height":544,"depth":3}}