{"path":"F:\\2\\001923.png","outputs":{"object":[{"name":"helmet","bndbox":{"xmin":54,"ymin":198,"xmax":88,"ymax":235}},{"name":"helmet","bndbox":{"xmin":836,"ymin":190,"xmax":868,"ymax":224}},{"name":"helmet","bndbox":{"xmin":416,"ymin":204,"xmax":444,"ymax":238}},{"name":"helmet","bndbox":{"xmin":524,"ymin":191,"xmax":550,"ymax":222}},{"name":"electrombile","bndbox":{"xmin":26,"ymin":250,"xmax":148,"ymax":354}},{"name":"electrombile","bndbox":{"xmin":820,"ymin":230,"xmax":896,"ymax":288}},{"name":"electrombile","bndbox":{"xmin":380,"ymin":234,"xmax":469,"ymax":326}},{"name":"electrombile","bndbox":{"xmin":657,"ymin":230,"xmax":720,"ymax":296}}]},"time_labeled":1563134692037,"labeled":true,"size":{"width":960,"height":544,"depth":3}}