{"path":"F:\\2\\001931.png","outputs":{"object":[{"name":"electrombile","bndbox":{"xmin":517,"ymin":466,"xmax":604,"ymax":538}},{"name":"electrombile","bndbox":{"xmin":364,"ymin":464,"xmax":425,"ymax":514}},{"name":"helmet","bndbox":{"xmin":216,"ymin":406,"xmax":260,"ymax":446}},{"name":"helmet","bndbox":{"xmin":548,"ymin":426,"xmax":562,"ymax":452}},{"name":"helmet","bndbox":{"xmin":560,"ymin":422,"xmax":588,"ymax":454}},{"name":"helmet","bndbox":{"xmin":172,"ymin":426,"xmax":192,"ymax":450}}]},"time_labeled":1563134878513,"labeled":true,"size":{"width":960,"height":544,"depth":3}}