{"path":"F:\\2\\001941.png","outputs":{"object":[{"name":"electrombile","bndbox":{"xmin":438,"ymin":239,"xmax":497,"ymax":318}},{"name":"electrombile","bndbox":{"xmin":636,"ymin":234,"xmax":708,"ymax":288}},{"name":"electrombile","bndbox":{"xmin":516,"ymin":226,"xmax":566,"ymax":300}},{"name":"electrombile","bndbox":{"xmin":378,"ymin":234,"xmax":447,"ymax":299}},{"name":"helmet","bndbox":{"xmin":448,"ymin":202,"xmax":476,"ymax":230}},{"name":"helmet","bndbox":{"xmin":332,"ymin":204,"xmax":356,"ymax":238}},{"name":"helmet","bndbox":{"xmin":404,"ymin":203,"xmax":425,"ymax":235}}]},"time_labeled":1563135007878,"labeled":true,"size":{"width":960,"height":544,"depth":3}}