{"path":"F:\\2\\001946.png","outputs":{"object":[{"name":"helmet","bndbox":{"xmin":40,"ymin":331,"xmax":140,"ymax":418}},{"name":"helmet","bndbox":{"xmin":612,"ymin":334,"xmax":648,"ymax":378}},{"name":"electrombile","bndbox":{"xmin":566,"ymin":378,"xmax":710,"ymax":502}},{"name":"electrombile","bndbox":{"xmin":405,"ymin":370,"xmax":492,"ymax":467}},{"name":"electrombile","bndbox":{"xmin":240,"ymin":387,"xmax":300,"ymax":460}},{"name":"electrombile","bndbox":{"xmin":297,"ymin":390,"xmax":360,"ymax":451}}]},"time_labeled":1563135104924,"labeled":true,"size":{"width":960,"height":544,"depth":3}}