{"path":"F:\\2\\001922.png","outputs":{"object":[{"name":"helmet","bndbox":{"xmin":245,"ymin":183,"xmax":336,"ymax":244}},{"name":"electrombile","bndbox":{"xmin":112,"ymin":266,"xmax":417,"ymax":456}},{"name":"electrombile","bndbox":{"xmin":512,"ymin":243,"xmax":597,"ymax":318}},{"name":"electrombile","bndbox":{"xmin":812,"ymin":246,"xmax":869,"ymax":298}},{"name":"helmet","bndbox":{"xmin":377,"ymin":210,"xmax":404,"ymax":242}},{"name":"helmet","bndbox":{"xmin":547,"ymin":210,"xmax":567,"ymax":250}}]},"time_labeled":1563134667931,"labeled":true,"size":{"width":960,"height":544,"depth":3}}