{"path":"F:\\2\\001954.png","outputs":{"object":[{"name":"helmet","bndbox":{"xmin":192,"ymin":388,"xmax":236,"ymax":426}},{"name":"helmet","bndbox":{"xmin":40,"ymin":399,"xmax":84,"ymax":446}},{"name":"electrombile","bndbox":{"xmin":16,"ymin":458,"xmax":124,"ymax":554}},{"name":"electrombile","bndbox":{"xmin":160,"ymin":440,"xmax":284,"ymax":530}},{"name":"electrombile","bndbox":{"xmin":328,"ymin":455,"xmax":456,"ymax":548}},{"name":"electrombile","bndbox":{"xmin":444,"ymin":438,"xmax":572,"ymax":555}}]},"time_labeled":1563135207925,"labeled":true,"size":{"width":960,"height":544,"depth":3}}