{"path":"F:\\2\\001930.png","outputs":{"object":[{"name":"helmet","bndbox":{"xmin":197,"ymin":324,"xmax":406,"ymax":478}},{"name":"helmet","bndbox":{"xmin":410,"ymin":334,"xmax":448,"ymax":374}},{"name":"helmet","bndbox":{"xmin":180,"ymin":348,"xmax":208,"ymax":382}},{"name":"helmet","bndbox":{"xmin":144,"ymin":346,"xmax":180,"ymax":378}},{"name":"electrombile","bndbox":{"xmin":688,"ymin":374,"xmax":776,"ymax":454}}]},"time_labeled":1563134857674,"labeled":true,"size":{"width":960,"height":544,"depth":3}}