{"path":"F:\\2\\001972.png","outputs":{"object":[{"name":"helmet","bndbox":{"xmin":480,"ymin":202,"xmax":520,"ymax":254}},{"name":"helmet","bndbox":{"xmin":628,"ymin":194,"xmax":660,"ymax":234}},{"name":"helmet","bndbox":{"xmin":54,"ymin":206,"xmax":89,"ymax":239}},{"name":"electrombile","bndbox":{"xmin":360,"ymin":240,"xmax":618,"ymax":404}},{"name":"electrombile","bndbox":{"xmin":756,"ymin":214,"xmax":852,"ymax":274}},{"name":"electrombile","bndbox":{"xmin":608,"ymin":234,"xmax":704,"ymax":342}}]},"time_labeled":1563135368501,"labeled":true,"size":{"width":960,"height":544,"depth":3}}