{"path":"F:\\2\\001995.png","outputs":{"object":[{"name":"electrombile","bndbox":{"xmin":490,"ymin":334,"xmax":717,"ymax":486}},{"name":"electrombile","bndbox":{"xmin":92,"ymin":323,"xmax":228,"ymax":434}},{"name":"electrombile","bndbox":{"xmin":0,"ymin":333,"xmax":100,"ymax":430}},{"name":"helmet","bndbox":{"xmin":126,"ymin":276,"xmax":180,"ymax":316}},{"name":"helmet","bndbox":{"xmin":342,"ymin":282,"xmax":386,"ymax":319}},{"name":"helmet","bndbox":{"xmin":546,"ymin":290,"xmax":617,"ymax":335}}]},"time_labeled":1563135619281,"labeled":true,"size":{"width":960,"height":544,"depth":3}}