{"path":"F:\\2\\001932.png","outputs":{"object":[{"name":"helmet","bndbox":{"xmin":416,"ymin":291,"xmax":444,"ymax":318}},{"name":"helmet","bndbox":{"xmin":114,"ymin":270,"xmax":144,"ymax":306}},{"name":"helmet","bndbox":{"xmin":174,"ymin":286,"xmax":200,"ymax":310}},{"name":"helmet","bndbox":{"xmin":204,"ymin":286,"xmax":224,"ymax":311}},{"name":"electrombile","bndbox":{"xmin":376,"ymin":327,"xmax":460,"ymax":406}}]},"time_labeled":1563134893659,"labeled":true,"size":{"width":960,"height":544,"depth":3}}