{"path":"F:\\2\\001947.png","outputs":{"object":[{"name":"helmet","bndbox":{"xmin":548,"ymin":300,"xmax":626,"ymax":396}},{"name":"helmet","bndbox":{"xmin":468,"ymin":352,"xmax":504,"ymax":394}},{"name":"helmet","bndbox":{"xmin":36,"ymin":354,"xmax":73,"ymax":399}},{"name":"electrombile","bndbox":{"xmin":152,"ymin":404,"xmax":228,"ymax":502}},{"name":"electrombile","bndbox":{"xmin":420,"ymin":393,"xmax":524,"ymax":487}}]},"time_labeled":1563135120843,"labeled":true,"size":{"width":960,"height":544,"depth":3}}