{"path":"F:\\2\\001927.png","outputs":{"object":[{"name":"helmet","bndbox":{"xmin":472,"ymin":270,"xmax":541,"ymax":335}},{"name":"helmet","bndbox":{"xmin":806,"ymin":302,"xmax":840,"ymax":334}},{"name":"helmet","bndbox":{"xmin":164,"ymin":310,"xmax":198,"ymax":348}},{"name":"helmet","bndbox":{"xmin":364,"ymin":302,"xmax":393,"ymax":338}},{"name":"electrombile","bndbox":{"xmin":347,"ymin":374,"xmax":659,"ymax":534}},{"name":"electrombile","bndbox":{"xmin":136,"ymin":350,"xmax":232,"ymax":446}},{"name":"electrombile","bndbox":{"xmin":340,"ymin":364,"xmax":412,"ymax":434}},{"name":"electrombile","bndbox":{"xmin":720,"ymin":339,"xmax":784,"ymax":398}}]},"time_labeled":1563134789045,"labeled":true,"size":{"width":960,"height":544,"depth":3}}