{"path":"F:\\2\\001928.png","outputs":{"object":[{"name":"helmet","bndbox":{"xmin":112,"ymin":262,"xmax":168,"ymax":314}},{"name":"helmet","bndbox":{"xmin":309,"ymin":270,"xmax":340,"ymax":302}},{"name":"helmet","bndbox":{"xmin":434,"ymin":279,"xmax":460,"ymax":303}},{"name":"helmet","bndbox":{"xmin":456,"ymin":267,"xmax":485,"ymax":302}},{"name":"helmet","bndbox":{"xmin":676,"ymin":270,"xmax":698,"ymax":302}},{"name":"electrombile","bndbox":{"xmin":280,"ymin":323,"xmax":377,"ymax":414}},{"name":"electrombile","bndbox":{"xmin":648,"ymin":307,"xmax":714,"ymax":366}},{"name":"electrombile","bndbox":{"xmin":524,"ymin":310,"xmax":612,"ymax":378}},{"name":"electrombile","bndbox":{"xmin":404,"ymin":324,"xmax":488,"ymax":412}}]},"time_labeled":1563134821573,"labeled":true,"size":{"width":960,"height":544,"depth":3}}