{"path":"F:\\2\\001977.png","outputs":{"object":[{"name":"helmet","bndbox":{"xmin":382,"ymin":214,"xmax":437,"ymax":268}},{"name":"helmet","bndbox":{"xmin":494,"ymin":226,"xmax":530,"ymax":252}},{"name":"electrombile","bndbox":{"xmin":350,"ymin":286,"xmax":490,"ymax":452}},{"name":"electrombile","bndbox":{"xmin":36,"ymin":243,"xmax":148,"ymax":326}},{"name":"electrombile","bndbox":{"xmin":437,"ymin":258,"xmax":544,"ymax":324}}]},"time_labeled":1563135455818,"labeled":true,"size":{"width":960,"height":544,"depth":3}}