{"path":"F:\\2\\001951.png","outputs":{"object":[{"name":"helmet","bndbox":{"xmin":396,"ymin":390,"xmax":458,"ymax":422}},{"name":"helmet","bndbox":{"xmin":537,"ymin":384,"xmax":586,"ymax":414}},{"name":"helmet","bndbox":{"xmin":788,"ymin":380,"xmax":832,"ymax":426}},{"name":"helmet","bndbox":{"xmin":850,"ymin":374,"xmax":888,"ymax":422}},{"name":"electrombile","bndbox":{"xmin":33,"ymin":431,"xmax":120,"ymax":518}},{"name":"electrombile","bndbox":{"xmin":124,"ymin":428,"xmax":198,"ymax":510}},{"name":"electrombile","bndbox":{"xmin":380,"ymin":418,"xmax":477,"ymax":530}},{"name":"electrombile","bndbox":{"xmin":512,"ymin":422,"xmax":620,"ymax":534}}]},"time_labeled":1563135169228,"labeled":true,"size":{"width":960,"height":544,"depth":3}}