{"path":"F:\\2\\001916.png","outputs":{"object":[{"name":"helmet","bndbox":{"xmin":450,"ymin":328,"xmax":540,"ymax":407}},{"name":"helmet","bndbox":{"xmin":128,"ymin":358,"xmax":210,"ymax":406}},{"name":"helmet","bndbox":{"xmin":910,"ymin":328,"xmax":956,"ymax":371}},{"name":"electrombile","bndbox":{"xmin":821,"ymin":374,"xmax":965,"ymax":511}},{"name":"electrombile","bndbox":{"xmin":36,"ymin":411,"xmax":310,"ymax":542}},{"name":"electrombile","bndbox":{"xmin":316,"ymin":436,"xmax":660,"ymax":551}}]},"time_labeled":1563134606714,"labeled":true,"size":{"width":960,"height":544,"depth":3}}