{"path":"F:\\2\\001971.png","outputs":{"object":[{"name":"electrombile","bndbox":{"xmin":611,"ymin":262,"xmax":845,"ymax":386}},{"name":"electrombile","bndbox":{"xmin":-5,"ymin":289,"xmax":224,"ymax":430}},{"name":"helmet","bndbox":{"xmin":36,"ymin":231,"xmax":92,"ymax":268}},{"name":"helmet","bndbox":{"xmin":598,"ymin":214,"xmax":656,"ymax":242}},{"name":"helmet","bndbox":{"xmin":690,"ymin":200,"xmax":745,"ymax":255}}]},"time_labeled":1563135351612,"labeled":true,"size":{"width":960,"height":544,"depth":3}}