{"path":"F:\\2\\001976.png","outputs":{"object":[{"name":"electrombile","bndbox":{"xmin":394,"ymin":267,"xmax":488,"ymax":368}},{"name":"electrombile","bndbox":{"xmin":624,"ymin":246,"xmax":693,"ymax":308}},{"name":"electrombile","bndbox":{"xmin":512,"ymin":254,"xmax":612,"ymax":318}},{"name":"electrombile","bndbox":{"xmin":261,"ymin":247,"xmax":368,"ymax":315}},{"name":"helmet","bndbox":{"xmin":429,"ymin":218,"xmax":468,"ymax":262}},{"name":"helmet","bndbox":{"xmin":548,"ymin":227,"xmax":592,"ymax":254}}]},"time_labeled":1563135434146,"labeled":true,"size":{"width":960,"height":544,"depth":3}}