{"path":"F:\\2\\001999.png","outputs":{"object":[{"name":"helmet","bndbox":{"xmin":560,"ymin":240,"xmax":624,"ymax":286}},{"name":"helmet","bndbox":{"xmin":340,"ymin":242,"xmax":369,"ymax":272}},{"name":"helmet","bndbox":{"xmin":68,"ymin":250,"xmax":98,"ymax":287}},{"name":"helmet","bndbox":{"xmin":468,"ymin":288,"xmax":740,"ymax":430}},{"name":"helmet","bndbox":{"xmin":76,"ymin":282,"xmax":285,"ymax":441}}]},"time_labeled":1563135666833,"labeled":true,"size":{"width":960,"height":544,"depth":3}}