{"path":"F:\\2\\001993.png","outputs":{"object":[{"name":"helmet","bndbox":{"xmin":546,"ymin":282,"xmax":590,"ymax":326}},{"name":"helmet","bndbox":{"xmin":268,"ymin":284,"xmax":296,"ymax":311}},{"name":"helmet","bndbox":{"xmin":33,"ymin":274,"xmax":84,"ymax":320}},{"name":"electrombile","bndbox":{"xmin":-2,"ymin":326,"xmax":130,"ymax":434}},{"name":"electrombile","bndbox":{"xmin":470,"ymin":343,"xmax":721,"ymax":484}}]},"time_labeled":1563135594594,"labeled":true,"size":{"width":960,"height":544,"depth":3}}