{"path":"F:\\2\\001925.png","outputs":{"object":[{"name":"helmet","bndbox":{"xmin":324,"ymin":286,"xmax":348,"ymax":324}},{"name":"helmet","bndbox":{"xmin":138,"ymin":298,"xmax":172,"ymax":332}},{"name":"helmet","bndbox":{"xmin":600,"ymin":298,"xmax":624,"ymax":327}},{"name":"helmet","bndbox":{"xmin":650,"ymin":286,"xmax":681,"ymax":319}},{"name":"electrombile","bndbox":{"xmin":772,"ymin":326,"xmax":980,"ymax":522}},{"name":"electrombile","bndbox":{"xmin":508,"ymin":334,"xmax":589,"ymax":436}},{"name":"electrombile","bndbox":{"xmin":282,"ymin":342,"xmax":402,"ymax":434}},{"name":"electrombile","bndbox":{"xmin":101,"ymin":338,"xmax":202,"ymax":452}}]},"time_labeled":1563134745468,"labeled":true,"size":{"width":960,"height":544,"depth":3}}