{"path":"F:\\2\\001929.png","outputs":{"object":[{"name":"helmet","bndbox":{"xmin":276,"ymin":304,"xmax":316,"ymax":330}},{"name":"helmet","bndbox":{"xmin":560,"ymin":288,"xmax":596,"ymax":318}},{"name":"helmet","bndbox":{"xmin":833,"ymin":286,"xmax":861,"ymax":314}},{"name":"electrombile","bndbox":{"xmin":819,"ymin":339,"xmax":891,"ymax":414}},{"name":"electrombile","bndbox":{"xmin":392,"ymin":334,"xmax":478,"ymax":402}},{"name":"electrombile","bndbox":{"xmin":258,"ymin":347,"xmax":356,"ymax":429}}]},"time_labeled":1563134840627,"labeled":true,"size":{"width":960,"height":544,"depth":3}}