{"path":"F:\\2\\001975.png","outputs":{"object":[{"name":"electrombile","bndbox":{"xmin":208,"ymin":308,"xmax":374,"ymax":534}},{"name":"electrombile","bndbox":{"xmin":173,"ymin":247,"xmax":270,"ymax":318}},{"name":"electrombile","bndbox":{"xmin":386,"ymin":270,"xmax":465,"ymax":350}},{"name":"electrombile","bndbox":{"xmin":465,"ymin":256,"xmax":568,"ymax":338}},{"name":"helmet","bndbox":{"xmin":274,"ymin":234,"xmax":332,"ymax":302}},{"name":"helmet","bndbox":{"xmin":405,"ymin":226,"xmax":441,"ymax":262}}]},"time_labeled":1563135417265,"labeled":true,"size":{"width":960,"height":544,"depth":3}}