{"path":"F:\\2\\001955.png","outputs":{"object":[{"name":"electrombile","bndbox":{"xmin":114,"ymin":438,"xmax":267,"ymax":536}},{"name":"electrombile","bndbox":{"xmin":336,"ymin":406,"xmax":480,"ymax":503}},{"name":"helmet","bndbox":{"xmin":160,"ymin":371,"xmax":212,"ymax":410}},{"name":"helmet","bndbox":{"xmin":374,"ymin":342,"xmax":448,"ymax":388}},{"name":"helmet","bndbox":{"xmin":772,"ymin":346,"xmax":821,"ymax":383}}]},"time_labeled":1563135221210,"labeled":true,"size":{"width":960,"height":544,"depth":3}}