{"path":"F:\\2\\001978.png","outputs":{"object":[{"name":"helmet","bndbox":{"xmin":216,"ymin":232,"xmax":284,"ymax":310}},{"name":"helmet","bndbox":{"xmin":100,"ymin":236,"xmax":136,"ymax":270}},{"name":"electrombile","bndbox":{"xmin":52,"ymin":266,"xmax":182,"ymax":342}},{"name":"electrombile","bndbox":{"xmin":848,"ymin":254,"xmax":938,"ymax":332}},{"name":"electrombile","bndbox":{"xmin":134,"ymin":318,"xmax":373,"ymax":542}}]},"time_labeled":1563135472033,"labeled":true,"size":{"width":960,"height":544,"depth":3}}