{"path":"F:\\2\\001926.png","outputs":{"object":[{"name":"electrombile","bndbox":{"xmin":668,"ymin":406,"xmax":937,"ymax":560}},{"name":"electrombile","bndbox":{"xmin":540,"ymin":408,"xmax":628,"ymax":492}},{"name":"electrombile","bndbox":{"xmin":28,"ymin":418,"xmax":140,"ymax":514}},{"name":"helmet","bndbox":{"xmin":372,"ymin":350,"xmax":412,"ymax":406}},{"name":"helmet","bndbox":{"xmin":792,"ymin":324,"xmax":848,"ymax":387}},{"name":"helmet","bndbox":{"xmin":569,"ymin":362,"xmax":601,"ymax":398}}]},"time_labeled":1563134764755,"labeled":true,"size":{"width":960,"height":544,"depth":3}}