{"path":"F:\\2\\001924.png","outputs":{"object":[{"name":"electrombile","bndbox":{"xmin":258,"ymin":384,"xmax":348,"ymax":488}},{"name":"electrombile","bndbox":{"xmin":369,"ymin":387,"xmax":460,"ymax":474}},{"name":"electrombile","bndbox":{"xmin":12,"ymin":404,"xmax":92,"ymax":468}},{"name":"electrombile","bndbox":{"xmin":468,"ymin":390,"xmax":596,"ymax":478}},{"name":"electrombile","bndbox":{"xmin":624,"ymin":377,"xmax":696,"ymax":465}},{"name":"electrombile","bndbox":{"xmin":713,"ymin":366,"xmax":792,"ymax":448}},{"name":"helmet","bndbox":{"xmin":497,"ymin":331,"xmax":528,"ymax":370}},{"name":"helmet","bndbox":{"xmin":642,"ymin":338,"xmax":678,"ymax":368}},{"name":"helmet","bndbox":{"xmin":458,"ymin":338,"xmax":484,"ymax":372}},{"name":"helmet","bndbox":{"xmin":292,"ymin":344,"xmax":333,"ymax":372}}]},"time_labeled":1563134719099,"labeled":true,"size":{"width":960,"height":544,"depth":3}}